Date,Cases Age 0-9,Cases Age 10-19,Cases Age 20-29,Cases Age 30-39,Cases Age 40-49,Cases Age 50-59,Cases Age 60-69,Cases Age 70+,Cases Age Unknown,Deaths Age 0-10,Deaths Age 0-9,Deaths Age 10-19,Deaths Age 20-29,Deaths Age 30-39,Deaths Age 40-49,Deaths Age 50-59,Deaths Age 60-69,Deaths Age 70+,Deaths Age Unknown,Hospitalized Severe Age 0-10,Hospitalized Severe Age 0-9,Hospitalized Severe Age 10-19,Hospitalized Severe Age 20-29,Hospitalized Severe Age 30-39,Hospitalized Severe Age 40-49,Hospitalized Severe Age 50-59,Hospitalized Severe Age 60-69,Hospitalized Severe Age 70+,Hospitalized Severe Age Unknown
2020-01-12,1.0,,,,,,1.0,,,,,,,,,,,,,,0.0,,,,,,0.0,,
2020-01-13,0.0,,,,,,0.0,,,,0.0,,,,,,0.0,,,,0.0,,,,,,0.0,,
2020-01-14,0.0,,,,,,0.0,,,,0.0,,,,,,0.0,,,,0.0,,,,,,0.0,,
2020-01-15,0.0,,,,,,0.0,,,,0.0,,,,,,0.0,,,,0.0,,,,,,0.0,,
2020-01-16,0.0,,,,,,0.0,,,,0.0,,,,,,0.0,,,,0.0,,,,,,0.0,,
2020-01-17,1.0,,,,,,0.0,1.0,,,,,,,,,0.0,,,,0.0,,,,,,0.0,0.0,
2020-01-18,0.0,,,,,,0.0,0.0,,,0.0,,,,,,0.0,0.0,,,0.0,,,,,,0.0,0.0,
2020-01-19,0.0,,,,,,0.0,0.0,,,0.0,,,,,,0.0,0.0,,,0.0,,,,,,0.0,0.0,
2020-01-20,0.0,,,,,,0.0,0.0,,,0.0,,,,,,0.0,0.0,,,0.0,,,,,,0.0,0.0,
2020-01-21,0.0,,,,,,0.0,0.0,,,0.0,,,,,,0.0,0.0,,,0.0,,,,,,0.0,0.0,
2020-01-22,2.0,,,,,,1.0,1.0,,,,,,,,,,,,,0.0,,,,,,0.0,0.0,
2020-01-23,0.0,,,,,,0.0,0.0,,,0.0,,,,,,0.0,0.0,,,0.0,,,,,,0.0,0.0,
2020-01-24,1.0,,,,,,1.0,0.0,,,,,,,,,,0.0,,,0.0,,,,,,0.0,0.0,
2020-01-25,1.0,,,1.0,,,0.0,0.0,,,,,,,,,0.0,0.0,,,0.0,,,0.0,,,0.0,0.0,
2020-01-26,2.0,,,0.0,,1.0,0.0,1.0,,,,,,0.0,,,0.0,,,,0.0,,,0.0,,0.0,0.0,0.0,
2020-01-27,0.0,,,0.0,,0.0,0.0,0.0,,,0.0,,,0.0,,0.0,0.0,0.0,,,0.0,,,0.0,,0.0,0.0,0.0,
2020-01-28,1.0,,1.0,2.0,,0.0,2.0,0.0,,,,,,,,0.0,,0.0,,0.0,0.0,,0.0,0.0,,0.0,0.0,0.0,
2020-01-29,0.0,,0.0,0.0,,0.0,0.0,0.0,,0.0,0.0,,0.0,0.0,,0.0,0.0,0.0,,0.0,0.0,,0.0,0.0,,0.0,0.0,0.0,
2020-01-30,0.0,,0.0,0.0,,0.0,0.0,0.0,,0.0,0.0,,0.0,0.0,,0.0,0.0,0.0,,0.0,0.0,,0.0,0.0,,0.0,0.0,0.0,
2020-01-31,0.0,,1.0,2.0,,2.0,0.0,0.0,,0.0,0.0,,,,,,0.0,0.0,,0.0,0.0,,0.0,0.0,,0.0,0.0,0.0,
2020-02-01,0.0,,0.0,0.0,,0.0,0.0,0.0,,0.0,0.0,,0.0,0.0,,0.0,0.0,0.0,,0.0,0.0,,0.0,0.0,,0.0,0.0,0.0,
2020-02-02,0.0,,0.0,0.0,,0.0,0.0,0.0,,0.0,0.0,,0.0,0.0,,0.0,0.0,0.0,,0.0,0.0,,0.0,0.0,,0.0,0.0,0.0,
2020-02-03,0.0,,0.0,0.0,,0.0,0.0,0.0,,0.0,0.0,,0.0,0.0,,0.0,0.0,0.0,,0.0,0.0,,0.0,0.0,,0.0,0.0,0.0,
2020-02-04,0.0,,0.0,2.0,3.0,0.0,0.0,1.0,,0.0,0.0,,0.0,,,0.0,0.0,,,0.0,0.0,,0.0,0.0,0.0,0.0,0.0,0.0,
2020-02-05,0.0,,0.0,0.0,0.0,0.0,0.0,0.0,,0.0,0.0,,0.0,0.0,0.0,0.0,0.0,0.0,,0.0,0.0,,0.0,0.0,0.0,0.0,0.0,0.0,
2020-02-06,0.0,,0.0,0.0,0.0,0.0,0.0,0.0,,0.0,0.0,,0.0,0.0,0.0,0.0,0.0,0.0,,0.0,0.0,,0.0,0.0,0.0,0.0,0.0,0.0,
2020-02-07,0.0,,0.0,0.0,0.0,0.0,0.0,0.0,,0.0,0.0,,0.0,0.0,0.0,0.0,0.0,0.0,,0.0,0.0,,0.0,0.0,0.0,0.0,0.0,0.0,
2020-02-08,1.0,,1.0,3.0,0.0,1.0,1.0,0.0,,,,,,,0.0,,,0.0,,0.0,0.0,,0.0,0.0,0.0,0.0,0.0,0.0,
2020-02-09,0.0,,0.0,0.0,0.0,0.0,0.0,0.0,,0.0,0.0,,0.0,0.0,0.0,0.0,0.0,0.0,,0.0,0.0,,0.0,0.0,0.0,0.0,0.0,0.0,
2020-02-10,0.0,,0.0,0.0,0.0,0.0,0.0,0.0,,0.0,0.0,,0.0,0.0,0.0,0.0,0.0,0.0,,0.0,0.0,,0.0,0.0,0.0,0.0,0.0,0.0,
2020-02-11,0.0,,0.0,0.0,0.0,1.0,0.0,0.0,,0.0,0.0,,0.0,0.0,0.0,0.0,0.0,0.0,,0.0,0.0,,0.0,0.0,0.0,0.0,0.0,0.0,
2020-02-12,0.0,,0.0,0.0,0.0,0.0,0.0,0.0,,0.0,0.0,,0.0,0.0,0.0,0.0,0.0,0.0,,0.0,0.0,,0.0,0.0,0.0,0.0,0.0,0.0,
2020-02-13,0.0,,0.0,0.0,0.0,0.0,0.0,0.0,,0.0,0.0,,0.0,0.0,0.0,0.0,0.0,0.0,,0.0,0.0,,0.0,0.0,0.0,0.0,0.0,0.0,
2020-02-14,0.0,,0.0,0.0,0.0,0.0,0.0,0.0,,0.0,0.0,,0.0,0.0,0.0,0.0,0.0,0.0,,0.0,0.0,,0.0,0.0,0.0,0.0,0.0,0.0,
2020-02-15,0.0,,0.0,1.0,0.0,0.0,0.0,0.0,,0.0,0.0,,0.0,,0.0,0.0,0.0,0.0,,0.0,0.0,,0.0,0.0,0.0,0.0,0.0,0.0,
2020-02-16,0.0,,0.0,0.0,0.0,0.0,0.0,0.0,,0.0,0.0,,0.0,0.0,0.0,0.0,0.0,0.0,,0.0,0.0,,0.0,0.0,0.0,0.0,0.0,0.0,
2020-02-17,0.0,,0.0,0.0,0.0,0.0,1.0,0.0,,0.0,0.0,,0.0,0.0,0.0,0.0,,0.0,,0.0,0.0,,0.0,0.0,0.0,0.0,0.0,0.0,
2020-02-18,0.0,,0.0,0.0,0.0,0.0,0.0,0.0,,0.0,0.0,,0.0,0.0,0.0,0.0,0.0,0.0,,0.0,0.0,,0.0,0.0,0.0,0.0,0.0,0.0,
2020-02-19,0.0,,0.0,0.0,0.0,0.0,0.0,0.0,,0.0,0.0,,0.0,0.0,0.0,0.0,0.0,0.0,,0.0,0.0,,0.0,0.0,0.0,0.0,0.0,0.0,
2020-02-20,0.0,,0.0,0.0,0.0,0.0,0.0,0.0,,0.0,0.0,,0.0,0.0,0.0,0.0,0.0,0.0,,0.0,0.0,,0.0,0.0,0.0,0.0,0.0,0.0,
2020-02-21,0.0,,0.0,0.0,0.0,0.0,0.0,0.0,,0.0,0.0,,0.0,0.0,0.0,0.0,0.0,0.0,,0.0,0.0,,0.0,0.0,0.0,0.0,0.0,0.0,
2020-02-22,0.0,,0.0,0.0,0.0,0.0,0.0,0.0,,0.0,0.0,,0.0,0.0,0.0,0.0,0.0,0.0,,0.0,0.0,,0.0,0.0,0.0,0.0,0.0,0.0,
2020-02-23,0.0,,0.0,0.0,0.0,0.0,0.0,0.0,,0.0,0.0,,0.0,0.0,0.0,0.0,0.0,0.0,,0.0,0.0,,0.0,0.0,0.0,0.0,0.0,0.0,
2020-02-24,0.0,,0.0,0.0,0.0,0.0,0.0,0.0,,0.0,0.0,,0.0,0.0,0.0,0.0,0.0,0.0,,0.0,0.0,,0.0,0.0,0.0,0.0,0.0,0.0,
2020-02-25,0.0,,1.0,1.0,0.0,0.0,0.0,0.0,,0.0,0.0,,,,0.0,0.0,0.0,0.0,,0.0,0.0,,0.0,0.0,0.0,0.0,0.0,0.0,
2020-02-26,1.0,,0.0,0.0,0.0,0.0,2.0,0.0,,,,,0.0,0.0,0.0,0.0,,0.0,,0.0,0.0,,0.0,0.0,0.0,0.0,0.0,0.0,
2020-02-27,0.0,,0.0,0.0,0.0,0.0,0.0,0.0,,0.0,0.0,,0.0,0.0,0.0,0.0,0.0,0.0,,0.0,0.0,,0.0,0.0,0.0,0.0,0.0,0.0,
2020-02-28,0.0,,1.0,0.0,0.0,0.0,0.0,0.0,,0.0,0.0,,,0.0,0.0,0.0,0.0,0.0,,0.0,0.0,,0.0,0.0,0.0,0.0,0.0,0.0,
2020-02-29,0.0,,1.0,0.0,0.0,0.0,0.0,0.0,,0.0,0.0,,,0.0,0.0,0.0,0.0,0.0,,0.0,0.0,,0.0,0.0,0.0,0.0,0.0,0.0,
2020-03-01,0.0,,0.0,0.0,0.0,0.0,0.0,0.0,,0.0,0.0,,0.0,0.0,0.0,0.0,0.0,0.0,,0.0,0.0,,0.0,0.0,0.0,0.0,0.0,0.0,
2020-03-02,0.0,,1.0,0.0,0.0,0.0,0.0,0.0,,0.0,0.0,,,0.0,0.0,0.0,0.0,0.0,,0.0,0.0,,0.0,0.0,0.0,0.0,0.0,0.0,
2020-03-03,0.0,,0.0,0.0,0.0,0.0,0.0,0.0,,0.0,0.0,,0.0,0.0,0.0,0.0,0.0,0.0,,0.0,0.0,,0.0,0.0,0.0,0.0,0.0,0.0,
2020-03-04,0.0,,0.0,0.0,0.0,0.0,0.0,0.0,,0.0,0.0,,0.0,0.0,0.0,0.0,0.0,0.0,,0.0,0.0,,0.0,0.0,0.0,0.0,0.0,0.0,
2020-03-05,0.0,,3.0,0.0,1.0,0.0,0.0,0.0,,0.0,0.0,,,0.0,,0.0,0.0,0.0,,0.0,0.0,,0.0,0.0,0.0,0.0,0.0,0.0,
2020-03-06,0.0,,0.0,0.0,1.0,0.0,0.0,0.0,,0.0,0.0,,0.0,0.0,,0.0,0.0,0.0,,0.0,0.0,,0.0,0.0,0.0,0.0,0.0,0.0,
2020-03-07,0.0,,0.0,1.0,1.0,0.0,0.0,0.0,,0.0,0.0,,0.0,,,0.0,0.0,0.0,,0.0,0.0,,0.0,0.0,0.0,0.0,0.0,0.0,
2020-03-08,0.0,,0.0,0.0,0.0,0.0,0.0,0.0,,0.0,0.0,,0.0,0.0,0.0,0.0,0.0,0.0,,0.0,0.0,,0.0,0.0,0.0,0.0,0.0,0.0,
2020-03-09,0.0,,0.0,0.0,0.0,0.0,0.0,0.0,,0.0,0.0,,0.0,0.0,0.0,0.0,0.0,0.0,,0.0,0.0,,0.0,0.0,0.0,0.0,0.0,0.0,
2020-03-10,0.0,,0.0,0.0,3.0,0.0,0.0,0.0,,0.0,0.0,,0.0,0.0,,0.0,0.0,0.0,,0.0,0.0,,0.0,0.0,0.0,0.0,0.0,0.0,
2020-03-11,0.0,,3.0,1.0,2.0,0.0,0.0,0.0,,0.0,0.0,,,,,0.0,0.0,0.0,,0.0,0.0,,0.0,0.0,0.0,0.0,0.0,0.0,
2020-03-12,0.0,,3.0,10.0,0.0,0.0,0.0,0.0,,0.0,0.0,,,,0.0,0.0,0.0,0.0,,0.0,0.0,,0.0,0.0,0.0,0.0,0.0,0.0,
2020-03-13,0.0,1.0,1.0,1.0,0.0,0.0,0.0,0.0,,0.0,0.0,,,,0.0,0.0,0.0,0.0,,0.0,0.0,0.0,0.0,0.0,0.0,0.0,0.0,0.0,
2020-03-14,1.0,0.0,1.0,2.0,1.0,1.0,1.0,0.0,,,,0.0,,,,,,0.0,,0.0,0.0,0.0,0.0,0.0,0.0,0.0,0.0,0.0,
2020-03-15,0.0,0.0,6.0,13.0,7.0,3.0,2.0,1.0,,0.0,0.0,0.0,,,,,,,,0.0,0.0,0.0,0.0,0.0,0.0,0.0,0.0,0.0,
2020-03-16,1.0,0.0,6.0,9.0,7.0,6.0,3.0,1.0,,,,0.0,,,,,,,,0.0,0.0,0.0,0.0,0.0,0.0,0.0,0.0,0.0,
2020-03-17,0.0,1.0,7.0,9.0,7.0,3.0,1.0,2.0,,0.0,0.0,,,,,,,,,0.0,0.0,0.0,0.0,0.0,0.0,0.0,0.0,0.0,
2020-03-18,0.0,0.0,10.0,14.0,5.0,3.0,2.0,1.0,,0.0,0.0,0.0,,,,,,,,0.0,0.0,0.0,0.0,0.0,0.0,0.0,0.0,0.0,
2020-03-19,0.0,1.0,20.0,12.0,11.0,10.0,5.0,1.0,,0.0,0.0,,,,,,,,,0.0,0.0,0.0,0.0,0.0,0.0,0.0,0.0,0.0,
2020-03-20,1.0,0.0,10.0,17.0,6.0,7.0,5.0,4.0,,,,0.0,,,,,,,,0.0,0.0,0.0,0.0,0.0,0.0,0.0,0.0,0.0,
2020-03-21,1.0,1.0,16.0,20.0,27.0,13.0,9.0,2.0,,,,,,,,,,,,0.0,0.0,0.0,0.0,0.0,0.0,0.0,0.0,0.0,
2020-03-22,2.0,5.0,37.0,41.0,30.0,38.0,20.0,11.0,4.0,,,,,,,,,,,0.0,0.0,0.0,0.0,0.0,0.0,0.0,0.0,0.0,0.0
2020-03-23,1.0,6.0,37.0,27.0,17.0,20.0,8.0,6.0,0.0,,,,,,,,,,0.0,0.0,0.0,0.0,0.0,0.0,0.0,0.0,0.0,0.0,0.0
2020-03-24,1.0,1.0,40.0,31.0,11.0,11.0,9.0,1.0,1.0,,1.0,,,,1.0,,,,,0.0,0.0,0.0,0.0,0.0,0.0,0.0,0.0,0.0,0.0
2020-03-25,1.0,3.0,27.0,26.0,24.0,12.0,8.0,6.0,0.0,,,,,,,,,,0.0,0.0,0.0,0.0,0.0,0.0,0.0,0.0,0.0,0.0,0.0
2020-03-26,3.0,4.0,31.0,29.0,24.0,16.0,3.0,1.0,0.0,,,,,,,,,,0.0,0.0,0.0,0.0,0.0,0.0,0.0,0.0,0.0,0.0,0.0
2020-03-27,1.0,3.0,26.0,31.0,14.0,8.0,7.0,1.0,0.0,,,,,,,,,,0.0,0.0,0.0,0.0,0.0,0.0,0.0,0.0,0.0,0.0,0.0
2020-03-28,2.0,4.0,29.0,33.0,17.0,10.0,8.0,4.0,1.0,,1.0,,,,,1.0,,,,0.0,0.0,0.0,0.0,0.0,0.0,0.0,0.0,0.0,0.0
2020-03-29,0.0,3.0,46.0,32.0,26.0,16.0,11.0,6.0,1.0,0.0,0.0,,,,,,1.0,,,0.0,0.0,0.0,0.0,0.0,0.0,0.0,0.0,0.0,0.0
2020-03-30,2.0,3.0,43.0,36.0,23.0,16.0,11.0,4.0,0.0,,1.0,,,,,1.0,,,0.0,0.0,0.0,0.0,0.0,0.0,0.0,0.0,0.0,0.0,0.0
2020-03-31,1.0,4.0,44.0,28.0,24.0,19.0,5.0,3.0,0.0,,,,,,,,,,0.0,0.0,0.0,0.0,0.0,0.0,0.0,0.0,0.0,0.0,0.0
2020-04-01,4.0,2.0,31.0,22.0,30.0,20.0,7.0,2.0,2.0,,1.0,,,,,1.0,,,,0.0,0.0,0.0,0.0,0.0,0.0,0.0,0.0,0.0,0.0
2020-04-02,2.0,5.0,22.0,22.0,22.0,18.0,8.0,5.0,0.0,,3.0,,,,,2.0,,1.0,0.0,0.0,0.0,0.0,0.0,0.0,0.0,0.0,0.0,0.0,0.0
2020-04-03,2.0,1.0,26.0,17.0,25.0,20.0,10.0,2.0,0.0,,,,,,,,,,0.0,0.0,0.0,0.0,0.0,0.0,0.0,0.0,0.0,0.0,0.0
2020-04-04,2.0,4.0,16.0,24.0,17.0,18.0,4.0,4.0,0.0,,1.0,,,,,,,1.0,0.0,0.0,0.0,0.0,0.0,0.0,0.0,0.0,0.0,0.0,0.0
2020-04-05,1.0,1.0,26.0,31.0,24.0,8.0,6.0,2.0,3.0,,1.0,,,1.0,,,,,,0.0,0.0,0.0,0.0,0.0,0.0,0.0,0.0,0.0,0.0
2020-04-06,1.0,3.0,16.0,11.0,6.0,10.0,1.0,3.0,0.0,,3.0,,1.0,,,2.0,,,0.0,0.0,0.0,0.0,0.0,0.0,0.0,0.0,0.0,0.0,0.0
2020-04-07,0.0,1.0,13.0,15.0,4.0,3.0,2.0,0.0,0.0,0.0,0.0,,,,,1.0,,0.0,0.0,0.0,0.0,0.0,0.0,0.0,0.0,0.0,0.0,0.0,0.0
2020-04-08,5.0,6.0,20.0,27.0,14.0,25.0,11.0,3.0,0.0,,,,,,,,,,0.0,0.0,0.0,0.0,0.0,0.0,0.0,0.0,0.0,0.0,0.0
2020-04-09,1.0,2.0,6.0,18.0,15.0,7.0,3.0,2.0,0.0,,,,,,,,,,0.0,0.0,0.0,0.0,0.0,0.0,0.0,0.0,0.0,0.0,0.0
2020-04-10,3.0,2.0,11.0,11.0,10.0,5.0,5.0,2.0,1.0,,1.0,,,,1.0,,,,,0.0,0.0,0.0,0.0,0.0,0.0,0.0,0.0,0.0,0.0
2020-04-11,2.0,2.0,6.0,14.0,10.0,3.0,4.0,4.0,0.0,,,,,,,,,,0.0,0.0,0.0,0.0,0.0,0.0,0.0,0.0,0.0,0.0,0.0
2020-04-12,0.0,1.0,11.0,5.0,5.0,5.0,4.0,2.0,0.0,0.0,0.0,,,,,,,,0.0,0.0,0.0,0.0,0.0,0.0,0.0,0.0,0.0,0.0,0.0
2020-04-13,1.0,0.0,4.0,9.0,3.0,6.0,1.0,1.0,3.0,,1.0,0.0,,,1.0,,,,,0.0,0.0,0.0,0.0,0.0,0.0,0.0,0.0,0.0,0.0
2020-04-14,2.0,3.0,2.0,4.0,9.0,6.0,4.0,4.0,0.0,,,,,,,,,,0.0,0.0,0.0,0.0,0.0,0.0,0.0,0.0,0.0,0.0,0.0
2020-04-15,1.0,5.0,6.0,4.0,7.0,4.0,2.0,1.0,0.0,,,,,,,,,,0.0,0.0,0.0,0.0,0.0,0.0,0.0,0.0,0.0,0.0,0.0
2020-04-16,2.0,0.0,10.0,5.0,6.0,3.0,2.0,1.0,0.0,,2.0,0.0,,1.0,,1.0,,,0.0,0.0,0.0,0.0,0.0,0.0,0.0,0.0,0.0,0.0,0.0
2020-04-17,1.0,1.0,8.0,7.0,3.0,2.0,3.0,3.0,0.0,,,,,,,,,,0.0,0.0,0.0,0.0,0.0,0.0,0.0,0.0,0.0,0.0,0.0
2020-04-18,0.0,2.0,10.0,7.0,7.0,3.0,3.0,1.0,0.0,0.0,0.0,,,,,,,,0.0,0.0,0.0,0.0,0.0,0.0,0.0,0.0,0.0,0.0,0.0
2020-04-19,0.0,1.0,8.0,10.0,7.0,4.0,1.0,1.0,0.0,0.0,0.0,,,,,,,,0.0,0.0,0.0,0.0,0.0,0.0,0.0,0.0,0.0,0.0,0.0
2020-04-20,0.0,0.0,10.0,3.0,4.0,8.0,2.0,0.0,0.0,0.0,0.0,0.0,,,,,,0.0,0.0,0.0,0.0,0.0,0.0,0.0,0.0,0.0,0.0,0.0,0.0
2020-04-21,3.0,3.0,1.0,5.0,3.0,1.0,1.0,2.0,0.0,,1.0,,,,,1.0,,,0.0,0.0,0.0,0.0,0.0,0.0,0.0,0.0,0.0,0.0,0.0
2020-04-22,1.0,0.0,5.0,4.0,2.0,1.0,1.0,1.0,0.0,,,0.0,,,,,,,0.0,0.0,0.0,0.0,0.0,0.0,0.0,0.0,0.0,0.0,0.0
2020-04-23,0.0,2.0,3.0,2.0,4.0,0.0,0.0,2.0,0.0,0.0,0.0,,,,,0.0,0.0,1.0,0.0,0.0,0.0,0.0,0.0,0.0,2.0,0.0,0.0,1.0,0.0
2020-04-24,3.0,1.0,3.0,0.0,6.0,2.0,0.0,0.0,0.0,,,,,0.0,,0.0,0.0,0.0,0.0,0.0,0.0,0.0,0.0,0.0,0.0,0.0,0.0,0.0,0.0
2020-04-25,0.0,6.0,16.0,13.0,10.0,3.0,3.0,1.0,1.0,0.0,0.0,,,,,,,,,0.0,0.0,0.0,0.0,0.0,0.0,0.0,0.0,0.0,0.0
2020-04-26,0.0,0.0,2.0,4.0,5.0,1.0,3.0,0.0,0.0,0.0,0.0,0.0,,,,,,0.0,0.0,0.0,0.0,0.0,0.0,0.0,0.0,0.0,0.0,0.0,0.0
2020-04-27,0.0,3.0,1.0,1.0,0.0,2.0,2.0,0.0,0.0,0.0,0.0,,,,0.0,,1.0,0.0,0.0,0.0,0.0,0.0,0.0,0.0,0.0,0.0,0.0,0.0,0.0
2020-04-28,0.0,0.0,3.0,3.0,0.0,1.0,0.0,0.0,0.0,0.0,0.0,0.0,,,0.0,,0.0,0.0,0.0,0.0,0.0,0.0,0.0,0.0,0.0,0.0,0.0,0.0,0.0
2020-04-29,1.0,0.0,1.0,2.0,2.0,1.0,2.0,0.0,0.0,,,0.0,,,,,,0.0,0.0,0.0,0.0,0.0,0.0,0.0,0.0,0.0,0.0,0.0,0.0
2020-04-30,0.0,2.0,3.0,1.0,0.0,1.0,0.0,0.0,0.0,0.0,0.0,,,,0.0,,0.0,0.0,0.0,0.0,0.0,1.0,1.0,1.0,0.0,1.0,0.0,0.0,0.0
2020-05-01,0.0,0.0,2.0,1.0,1.0,1.0,1.0,0.0,0.0,0.0,0.0,0.0,,,,,,0.0,0.0,0.0,0.0,0.0,0.0,0.0,0.0,0.0,0.0,0.0,0.0
2020-05-02,0.0,0.0,2.0,0.0,1.0,3.0,0.0,0.0,0.0,0.0,0.0,0.0,,0.0,,0.0,0.0,0.0,0.0,0.0,0.0,0.0,0.0,0.0,0.0,0.0,0.0,0.0,0.0
2020-05-03,0.0,0.0,1.0,1.0,0.0,1.0,0.0,0.0,0.0,0.0,0.0,0.0,,,0.0,,0.0,0.0,0.0,0.0,0.0,0.0,0.0,0.0,0.0,0.0,0.0,0.0,0.0
2020-05-04,0.0,12.0,6.0,0.0,0.0,0.0,0.0,0.0,0.0,0.0,0.0,,,0.0,0.0,0.0,0.0,0.0,0.0,0.0,0.0,0.0,0.0,0.0,0.0,0.0,0.0,0.0,0.0
2020-05-05,0.0,0.0,0.0,0.0,1.0,0.0,0.0,0.0,0.0,0.0,0.0,0.0,0.0,0.0,,0.0,0.0,0.0,0.0,0.0,0.0,0.0,0.0,0.0,0.0,0.0,0.0,0.0,0.0
2020-05-06,0.0,0.0,1.0,0.0,0.0,0.0,0.0,0.0,0.0,0.0,0.0,0.0,,0.0,0.0,0.0,0.0,0.0,0.0,0.0,0.0,0.0,0.0,0.0,0.0,0.0,0.0,0.0,0.0
2020-05-07,0.0,0.0,0.0,0.0,1.0,2.0,0.0,0.0,0.0,0.0,0.0,0.0,0.0,0.0,,0.0,0.0,0.0,0.0,0.0,0.0,0.0,0.0,0.0,0.0,0.0,0.0,0.0,0.0
2020-05-08,0.0,1.0,2.0,1.0,1.0,2.0,0.0,0.0,1.0,0.0,0.0,,,,,,0.0,0.0,0.0,0.0,0.0,0.0,0.0,0.0,0.0,0.0,0.0,0.0,0.0
2020-05-09,0.0,0.0,1.0,1.0,2.0,0.0,0.0,0.0,0.0,0.0,0.0,0.0,,,,0.0,0.0,0.0,0.0,0.0,0.0,0.0,0.0,0.0,0.0,0.0,0.0,0.0,0.0
2020-05-10,0.0,0.0,2.0,0.0,2.0,0.0,0.0,1.0,0.0,0.0,0.0,0.0,,0.0,,0.0,0.0,,0.0,0.0,0.0,0.0,0.0,0.0,0.0,0.0,0.0,0.0,0.0
2020-05-11,1.0,1.0,4.0,0.0,0.0,0.0,0.0,0.0,0.0,,,,,0.0,0.0,0.0,0.0,0.0,0.0,0.0,0.0,0.0,1.0,0.0,0.0,0.0,0.0,0.0,0.0
2020-05-12,0.0,1.0,0.0,0.0,0.0,1.0,0.0,0.0,0.0,0.0,0.0,,0.0,0.0,0.0,0.0,0.0,0.0,0.0,0.0,0.0,0.0,0.0,0.0,0.0,0.0,0.0,0.0,0.0
2020-05-13,0.0,0.0,0.0,0.0,0.0,0.0,0.0,0.0,0.0,0.0,0.0,0.0,0.0,0.0,0.0,0.0,0.0,0.0,0.0,0.0,0.0,0.0,0.0,0.0,0.0,0.0,0.0,0.0,0.0
2020-05-14,0.0,0.0,0.0,1.0,0.0,0.0,0.0,0.0,0.0,0.0,0.0,0.0,0.0,,0.0,0.0,0.0,0.0,0.0,0.0,0.0,0.0,0.0,0.0,0.0,0.0,0.0,0.0,0.0
2020-05-15,0.0,2.0,4.0,1.0,0.0,0.0,0.0,0.0,0.0,0.0,0.0,,,,0.0,0.0,0.0,0.0,0.0,0.0,0.0,0.0,0.0,0.0,0.0,0.0,0.0,0.0,0.0
2020-05-16,0.0,0.0,0.0,0.0,0.0,0.0,0.0,0.0,0.0,0.0,0.0,0.0,0.0,0.0,0.0,0.0,0.0,0.0,0.0,0.0,0.0,0.0,0.0,0.0,0.0,0.0,0.0,0.0,0.0
2020-05-17,0.0,0.0,3.0,0.0,0.0,0.0,0.0,0.0,0.0,0.0,0.0,0.0,,0.0,0.0,0.0,0.0,0.0,0.0,0.0,0.0,0.0,0.0,0.0,0.0,0.0,0.0,0.0,0.0
2020-05-18,0.0,0.0,2.0,0.0,0.0,1.0,0.0,0.0,0.0,0.0,0.0,0.0,,0.0,0.0,,0.0,0.0,0.0,0.0,0.0,0.0,0.0,0.0,0.0,0.0,0.0,0.0,0.0
2020-05-19,0.0,0.0,0.0,1.0,1.0,0.0,0.0,0.0,0.0,0.0,0.0,0.0,0.0,,,0.0,0.0,0.0,0.0,0.0,0.0,0.0,0.0,0.0,0.0,0.0,0.0,0.0,0.0
2020-05-20,0.0,0.0,0.0,0.0,1.0,0.0,0.0,0.0,0.0,0.0,0.0,0.0,0.0,0.0,,0.0,0.0,0.0,0.0,0.0,0.0,0.0,0.0,0.0,0.0,0.0,0.0,0.0,0.0
2020-05-21,0.0,0.0,1.0,0.0,1.0,0.0,0.0,1.0,0.0,0.0,0.0,0.0,,0.0,,0.0,0.0,,0.0,0.0,0.0,0.0,0.0,0.0,0.0,0.0,0.0,0.0,0.0
2020-05-22,0.0,0.0,0.0,0.0,0.0,0.0,0.0,0.0,0.0,0.0,0.0,0.0,0.0,0.0,0.0,0.0,0.0,0.0,0.0,0.0,0.0,0.0,0.0,0.0,0.0,0.0,0.0,0.0,0.0
2020-05-23,0.0,0.0,1.0,0.0,2.0,0.0,0.0,0.0,0.0,0.0,0.0,0.0,,0.0,,0.0,0.0,0.0,0.0,0.0,0.0,0.0,0.0,0.0,0.0,0.0,0.0,0.0,0.0
2020-05-24,0.0,0.0,0.0,0.0,0.0,0.0,0.0,0.0,0.0,0.0,0.0,0.0,0.0,0.0,0.0,0.0,0.0,0.0,0.0,0.0,0.0,0.0,0.0,0.0,0.0,0.0,0.0,0.0,0.0
2020-05-25,0.0,0.0,0.0,0.0,1.0,1.0,0.0,0.0,0.0,0.0,0.0,0.0,0.0,0.0,,,0.0,0.0,0.0,0.0,0.0,0.0,0.0,0.0,0.0,0.0,0.0,0.0,0.0
2020-05-26,0.0,0.0,0.0,0.0,2.0,1.0,0.0,0.0,0.0,0.0,0.0,0.0,0.0,0.0,,0.0,0.0,0.0,0.0,0.0,0.0,0.0,0.0,0.0,0.0,0.0,0.0,0.0,0.0
2020-05-27,0.0,1.0,5.0,3.0,0.0,0.0,0.0,0.0,0.0,0.0,0.0,,,,0.0,0.0,0.0,0.0,0.0,0.0,0.0,0.0,0.0,0.0,0.0,0.0,0.0,0.0,0.0
2020-05-28,0.0,0.0,2.0,5.0,2.0,2.0,0.0,0.0,0.0,0.0,0.0,0.0,,,,,0.0,0.0,0.0,0.0,0.0,0.0,0.0,0.0,0.0,0.0,0.0,0.0,0.0
2020-05-29,0.0,0.0,1.0,0.0,6.0,4.0,0.0,0.0,0.0,0.0,0.0,0.0,,0.0,,0.0,0.0,0.0,0.0,0.0,0.0,0.0,0.0,0.0,0.0,0.0,0.0,0.0,0.0
2020-05-30,0.0,0.0,1.0,0.0,0.0,0.0,0.0,0.0,0.0,0.0,0.0,0.0,,0.0,0.0,0.0,0.0,0.0,0.0,0.0,0.0,0.0,0.0,0.0,0.0,0.0,0.0,0.0,0.0
2020-05-31,0.0,2.0,1.0,1.0,0.0,0.0,0.0,0.0,0.0,0.0,0.0,,,,0.0,0.0,0.0,0.0,0.0,0.0,0.0,0.0,0.0,0.0,0.0,0.0,0.0,0.0,0.0
2020-06-01,0.0,0.0,0.0,0.0,1.0,0.0,0.0,0.0,0.0,0.0,0.0,0.0,0.0,0.0,,0.0,0.0,0.0,0.0,0.0,0.0,0.0,0.0,0.0,0.0,0.0,0.0,0.0,0.0
2020-06-02,0.0,0.0,0.0,1.0,0.0,0.0,0.0,0.0,0.0,0.0,0.0,0.0,0.0,,0.0,0.0,0.0,0.0,0.0,0.0,0.0,0.0,0.0,0.0,0.0,0.0,0.0,0.0,0.0
2020-06-03,0.0,0.0,1.0,0.0,0.0,0.0,0.0,0.0,0.0,0.0,0.0,0.0,,0.0,0.0,0.0,0.0,0.0,0.0,0.0,0.0,0.0,0.0,0.0,0.0,0.0,0.0,0.0,0.0
2020-06-04,0.0,0.0,4.0,3.0,7.0,3.0,0.0,0.0,0.0,0.0,0.0,0.0,,,,,0.0,0.0,0.0,0.0,0.0,0.0,0.0,0.0,0.0,0.0,0.0,0.0,0.0
2020-06-05,0.0,0.0,0.0,0.0,1.0,0.0,0.0,0.0,0.0,0.0,0.0,0.0,0.0,0.0,,0.0,0.0,0.0,0.0,0.0,0.0,0.0,0.0,0.0,0.0,0.0,0.0,0.0,0.0
2020-06-06,0.0,0.0,1.0,1.0,0.0,0.0,0.0,0.0,0.0,0.0,0.0,0.0,,,0.0,0.0,0.0,0.0,0.0,0.0,0.0,0.0,0.0,0.0,0.0,0.0,0.0,0.0,0.0
2020-06-07,0.0,0.0,2.0,4.0,1.0,1.0,0.0,0.0,0.0,0.0,0.0,0.0,,,,,0.0,0.0,0.0,0.0,0.0,0.0,0.0,0.0,0.0,0.0,0.0,0.0,0.0
2020-06-08,0.0,1.0,2.0,2.0,2.0,0.0,0.0,0.0,0.0,0.0,0.0,,,,,0.0,0.0,0.0,0.0,0.0,0.0,0.0,0.0,0.0,0.0,0.0,0.0,0.0,0.0
2020-06-09,0.0,0.0,1.0,1.0,0.0,0.0,0.0,0.0,0.0,0.0,0.0,0.0,,,0.0,0.0,0.0,0.0,0.0,0.0,0.0,0.0,0.0,0.0,0.0,0.0,0.0,0.0,0.0
2020-06-10,0.0,0.0,0.0,2.0,2.0,0.0,0.0,0.0,0.0,0.0,0.0,0.0,0.0,,,0.0,0.0,0.0,0.0,0.0,0.0,0.0,0.0,0.0,0.0,0.0,0.0,0.0,0.0
2020-06-11,0.0,0.0,0.0,0.0,0.0,0.0,0.0,0.0,0.0,0.0,0.0,0.0,0.0,0.0,0.0,0.0,0.0,0.0,0.0,0.0,0.0,0.0,0.0,0.0,0.0,0.0,0.0,0.0,0.0
2020-06-12,0.0,0.0,0.0,2.0,1.0,1.0,0.0,0.0,0.0,0.0,0.0,0.0,0.0,,,,0.0,0.0,0.0,0.0,0.0,0.0,0.0,0.0,0.0,0.0,0.0,0.0,0.0
2020-06-13,0.0,0.0,5.0,0.0,0.0,0.0,0.0,0.0,0.0,0.0,0.0,0.0,,0.0,0.0,0.0,0.0,0.0,0.0,0.0,0.0,0.0,0.0,0.0,0.0,0.0,0.0,0.0,0.0
2020-06-14,0.0,0.0,1.0,0.0,0.0,0.0,0.0,0.0,0.0,0.0,0.0,0.0,,0.0,0.0,0.0,0.0,0.0,0.0,0.0,0.0,0.0,0.0,0.0,0.0,0.0,0.0,0.0,0.0
2020-06-15,0.0,0.0,0.0,0.0,0.0,0.0,0.0,0.0,0.0,0.0,0.0,0.0,0.0,0.0,0.0,0.0,0.0,0.0,0.0,0.0,0.0,0.0,0.0,0.0,0.0,0.0,0.0,0.0,0.0
2020-06-16,0.0,0.0,0.0,0.0,0.0,0.0,0.0,0.0,0.0,0.0,0.0,0.0,0.0,0.0,0.0,0.0,0.0,0.0,0.0,0.0,0.0,0.0,0.0,0.0,0.0,0.0,0.0,0.0,0.0
2020-06-17,0.0,0.0,0.0,0.0,0.0,0.0,0.0,0.0,0.0,0.0,0.0,0.0,0.0,0.0,0.0,0.0,0.0,0.0,0.0,0.0,0.0,0.0,0.0,0.0,0.0,0.0,0.0,0.0,0.0
2020-06-18,0.0,0.0,6.0,0.0,0.0,0.0,0.0,0.0,0.0,0.0,0.0,0.0,,0.0,0.0,0.0,0.0,0.0,0.0,0.0,0.0,0.0,0.0,0.0,0.0,0.0,0.0,0.0,0.0
2020-06-19,0.0,0.0,5.0,0.0,0.0,0.0,0.0,0.0,0.0,0.0,0.0,0.0,,0.0,0.0,0.0,0.0,0.0,0.0,0.0,0.0,0.0,0.0,0.0,0.0,0.0,0.0,0.0,0.0
2020-06-20,0.0,0.0,1.0,0.0,0.0,0.0,0.0,0.0,0.0,0.0,0.0,0.0,,0.0,0.0,0.0,0.0,0.0,0.0,0.0,0.0,0.0,0.0,0.0,0.0,0.0,0.0,0.0,0.0
2020-06-21,1.0,0.0,0.0,0.0,0.0,0.0,0.0,0.0,0.0,,,0.0,0.0,0.0,0.0,0.0,0.0,0.0,0.0,0.0,0.0,0.0,0.0,0.0,0.0,0.0,0.0,0.0,0.0
2020-06-22,0.0,1.0,1.0,1.0,0.0,0.0,0.0,0.0,0.0,0.0,0.0,,,,0.0,0.0,0.0,0.0,0.0,0.0,0.0,0.0,0.0,0.0,0.0,0.0,0.0,0.0,0.0
2020-06-23,0.0,0.0,2.0,2.0,0.0,1.0,0.0,0.0,0.0,0.0,0.0,0.0,,,0.0,,0.0,0.0,0.0,0.0,0.0,0.0,0.0,0.0,0.0,0.0,0.0,0.0,0.0
2020-06-24,0.0,0.0,0.0,1.0,0.0,0.0,0.0,0.0,0.0,0.0,0.0,0.0,0.0,,0.0,0.0,0.0,0.0,0.0,0.0,0.0,0.0,0.0,0.0,0.0,0.0,0.0,0.0,0.0
2020-06-25,0.0,0.0,1.0,0.0,0.0,0.0,0.0,0.0,0.0,0.0,0.0,0.0,,0.0,0.0,0.0,0.0,0.0,0.0,0.0,0.0,0.0,0.0,0.0,0.0,0.0,0.0,0.0,0.0
2020-06-26,0.0,0.0,2.0,1.0,0.0,1.0,0.0,0.0,0.0,0.0,0.0,0.0,,,0.0,,0.0,0.0,0.0,0.0,0.0,0.0,0.0,0.0,0.0,0.0,0.0,0.0,0.0
2020-06-27,0.0,0.0,0.0,0.0,0.0,0.0,0.0,0.0,0.0,0.0,0.0,0.0,0.0,0.0,0.0,0.0,0.0,0.0,0.0,0.0,0.0,0.0,0.0,0.0,0.0,0.0,0.0,0.0,0.0
2020-06-28,0.0,0.0,0.0,0.0,0.0,0.0,0.0,0.0,0.0,0.0,0.0,0.0,0.0,0.0,0.0,0.0,0.0,0.0,0.0,0.0,0.0,0.0,0.0,0.0,0.0,0.0,0.0,0.0,0.0
2020-06-29,0.0,0.0,2.0,1.0,2.0,1.0,1.0,0.0,0.0,0.0,0.0,0.0,,,,,,0.0,0.0,0.0,0.0,0.0,0.0,0.0,0.0,0.0,0.0,0.0,0.0
2020-06-30,0.0,0.0,2.0,0.0,0.0,0.0,0.0,0.0,0.0,0.0,0.0,0.0,,0.0,0.0,0.0,0.0,0.0,0.0,0.0,0.0,0.0,0.0,0.0,0.0,0.0,0.0,0.0,0.0
2020-07-01,0.0,0.0,0.0,0.0,2.0,0.0,0.0,0.0,0.0,0.0,0.0,0.0,0.0,0.0,,0.0,0.0,0.0,0.0,0.0,0.0,0.0,0.0,0.0,0.0,0.0,0.0,0.0,0.0
2020-07-02,0.0,0.0,3.0,1.0,1.0,0.0,1.0,0.0,0.0,0.0,0.0,0.0,,,,0.0,,0.0,0.0,0.0,0.0,0.0,0.0,0.0,0.0,0.0,0.0,0.0,0.0
2020-07-03,0.0,0.0,1.0,0.0,0.0,0.0,0.0,0.0,0.0,0.0,0.0,0.0,,0.0,0.0,0.0,0.0,0.0,0.0,0.0,0.0,0.0,0.0,0.0,0.0,0.0,0.0,0.0,0.0
2020-07-04,0.0,0.0,3.0,1.0,1.0,0.0,0.0,0.0,0.0,0.0,0.0,0.0,,,,0.0,0.0,0.0,0.0,0.0,0.0,0.0,0.0,0.0,0.0,0.0,0.0,0.0,0.0
2020-07-05,0.0,1.0,0.0,2.0,1.0,1.0,0.0,0.0,0.0,0.0,0.0,,0.0,,,,0.0,0.0,0.0,0.0,0.0,0.0,0.0,0.0,0.0,0.0,0.0,0.0,0.0
2020-07-06,0.0,0.0,0.0,2.0,2.0,1.0,0.0,0.0,0.0,0.0,0.0,0.0,0.0,,,,0.0,0.0,0.0,0.0,0.0,0.0,0.0,0.0,0.0,0.0,0.0,0.0,0.0
2020-07-07,0.0,0.0,0.0,0.0,0.0,0.0,0.0,0.0,0.0,0.0,0.0,0.0,0.0,0.0,0.0,0.0,0.0,0.0,0.0,0.0,0.0,0.0,0.0,0.0,0.0,0.0,0.0,0.0,0.0
2020-07-08,0.0,0.0,0.0,2.0,0.0,0.0,0.0,0.0,0.0,0.0,0.0,0.0,0.0,,0.0,0.0,0.0,0.0,0.0,0.0,0.0,0.0,0.0,0.0,0.0,0.0,0.0,0.0,0.0
2020-07-09,0.0,0.0,1.0,1.0,2.0,1.0,0.0,0.0,0.0,0.0,0.0,0.0,,,,,0.0,0.0,0.0,0.0,0.0,0.0,0.0,0.0,0.0,0.0,0.0,0.0,0.0
2020-07-10,0.0,0.0,0.0,0.0,0.0,0.0,0.0,0.0,0.0,0.0,0.0,0.0,0.0,0.0,0.0,0.0,0.0,0.0,0.0,0.0,0.0,0.0,0.0,0.0,0.0,0.0,0.0,0.0,0.0
2020-07-11,1.0,2.0,8.0,2.0,1.0,0.0,0.0,0.0,0.0,,,,,,,0.0,0.0,0.0,0.0,0.0,0.0,0.0,0.0,0.0,0.0,0.0,0.0,0.0,0.0
2020-07-12,0.0,0.0,0.0,1.0,0.0,0.0,0.0,0.0,0.0,0.0,0.0,0.0,0.0,,0.0,0.0,0.0,0.0,0.0,0.0,0.0,0.0,0.0,0.0,0.0,0.0,0.0,0.0,0.0
2020-07-13,0.0,0.0,1.0,0.0,2.0,0.0,0.0,0.0,0.0,0.0,0.0,0.0,,0.0,,0.0,0.0,0.0,0.0,0.0,0.0,0.0,0.0,0.0,0.0,0.0,0.0,0.0,0.0
2020-07-14,0.0,0.0,5.0,1.0,0.0,0.0,1.0,0.0,0.0,0.0,0.0,0.0,,,0.0,0.0,,0.0,0.0,0.0,0.0,0.0,0.0,0.0,0.0,0.0,0.0,0.0,0.0
2020-07-15,0.0,0.0,1.0,1.0,3.0,0.0,0.0,0.0,0.0,0.0,0.0,0.0,,,,0.0,0.0,0.0,0.0,0.0,0.0,0.0,0.0,0.0,0.0,0.0,0.0,0.0,0.0
2020-07-16,0.0,0.0,2.0,1.0,0.0,1.0,0.0,0.0,0.0,0.0,0.0,0.0,,,0.0,,0.0,0.0,0.0,0.0,0.0,0.0,0.0,0.0,0.0,0.0,0.0,0.0,0.0
2020-07-17,0.0,0.0,3.0,0.0,0.0,0.0,0.0,0.0,0.0,0.0,0.0,0.0,,0.0,0.0,0.0,0.0,0.0,0.0,0.0,0.0,0.0,0.0,0.0,0.0,0.0,0.0,0.0,0.0
2020-07-18,0.0,0.0,4.0,1.0,0.0,0.0,2.0,0.0,0.0,0.0,0.0,0.0,,,0.0,0.0,,0.0,0.0,0.0,0.0,0.0,0.0,0.0,0.0,0.0,0.0,0.0,0.0
2020-07-19,0.0,0.0,0.0,1.0,1.0,0.0,1.0,0.0,0.0,0.0,0.0,0.0,0.0,,,0.0,,0.0,0.0,0.0,0.0,0.0,0.0,0.0,0.0,0.0,0.0,0.0,0.0
2020-07-20,0.0,0.0,0.0,0.0,0.0,1.0,0.0,0.0,0.0,0.0,0.0,0.0,0.0,0.0,0.0,,0.0,0.0,0.0,0.0,0.0,0.0,0.0,0.0,0.0,0.0,0.0,0.0,0.0
2020-07-21,0.0,0.0,4.0,1.0,0.0,0.0,0.0,0.0,0.0,0.0,0.0,0.0,,,0.0,0.0,0.0,0.0,0.0,0.0,0.0,0.0,0.0,0.0,0.0,0.0,0.0,0.0,0.0
2020-07-22,0.0,0.0,4.0,1.0,0.0,1.0,0.0,0.0,0.0,0.0,0.0,0.0,,,0.0,,0.0,0.0,0.0,0.0,0.0,0.0,0.0,0.0,0.0,0.0,0.0,0.0,0.0
2020-07-23,0.0,0.0,8.0,0.0,0.0,0.0,0.0,0.0,0.0,0.0,0.0,0.0,,0.0,0.0,0.0,0.0,0.0,0.0,0.0,0.0,0.0,0.0,0.0,0.0,0.0,0.0,0.0,0.0
2020-07-24,0.0,2.0,5.0,3.0,0.0,0.0,0.0,0.0,0.0,0.0,0.0,,,,0.0,0.0,0.0,0.0,0.0,0.0,0.0,0.0,0.0,0.0,0.0,0.0,0.0,0.0,0.0
2020-07-25,0.0,1.0,2.0,0.0,0.0,0.0,0.0,0.0,0.0,0.0,0.0,,,0.0,0.0,0.0,0.0,0.0,0.0,0.0,0.0,0.0,0.0,0.0,0.0,0.0,0.0,0.0,0.0
2020-07-26,0.0,1.0,2.0,2.0,4.0,0.0,0.0,0.0,0.0,0.0,0.0,,,,,0.0,0.0,0.0,0.0,0.0,0.0,0.0,0.0,0.0,0.0,0.0,0.0,0.0,0.0
2020-07-27,0.0,0.0,2.0,1.0,1.0,0.0,0.0,0.0,0.0,0.0,0.0,0.0,,,,0.0,0.0,0.0,0.0,0.0,0.0,0.0,0.0,0.0,0.0,0.0,0.0,0.0,0.0
2020-07-28,0.0,0.0,2.0,0.0,0.0,0.0,0.0,0.0,0.0,0.0,0.0,0.0,,0.0,0.0,0.0,0.0,0.0,0.0,0.0,0.0,0.0,0.0,0.0,0.0,0.0,0.0,0.0,0.0
2020-07-29,0.0,0.0,1.0,0.0,0.0,0.0,0.0,0.0,0.0,0.0,0.0,0.0,,0.0,0.0,0.0,0.0,0.0,0.0,0.0,0.0,0.0,0.0,0.0,0.0,0.0,0.0,0.0,0.0
2020-07-30,0.0,0.0,5.0,0.0,0.0,1.0,0.0,0.0,0.0,0.0,0.0,0.0,,0.0,0.0,0.0,0.0,0.0,0.0,0.0,0.0,0.0,0.0,0.0,0.0,0.0,0.0,0.0,0.0
2020-07-31,0.0,0.0,5.0,0.0,0.0,1.0,0.0,0.0,0.0,0.0,0.0,0.0,,0.0,0.0,,0.0,0.0,0.0,0.0,0.0,0.0,0.0,0.0,0.0,0.0,0.0,0.0,0.0
2020-08-01,0.0,0.0,1.0,0.0,1.0,0.0,0.0,0.0,0.0,0.0,0.0,0.0,,0.0,,0.0,0.0,0.0,0.0,0.0,0.0,0.0,0.0,0.0,0.0,0.0,0.0,0.0,0.0
2020-08-02,0.0,0.0,2.0,2.0,1.0,0.0,0.0,0.0,0.0,0.0,0.0,0.0,,,,0.0,0.0,0.0,0.0,0.0,0.0,0.0,0.0,0.0,0.0,0.0,0.0,0.0,0.0
2020-08-03,0.0,1.0,1.0,0.0,1.0,0.0,0.0,0.0,0.0,0.0,0.0,,,0.0,,0.0,0.0,0.0,0.0,0.0,0.0,0.0,0.0,0.0,0.0,0.0,0.0,0.0,0.0
2020-08-04,0.0,0.0,0.0,1.0,0.0,0.0,0.0,0.0,0.0,0.0,0.0,0.0,0.0,,0.0,0.0,0.0,0.0,0.0,0.0,0.0,0.0,0.0,0.0,0.0,0.0,0.0,0.0,0.0
2020-08-05,0.0,0.0,5.0,2.0,0.0,0.0,0.0,0.0,0.0,0.0,0.0,0.0,,,0.0,0.0,0.0,0.0,0.0,0.0,0.0,0.0,0.0,0.0,0.0,0.0,0.0,0.0,0.0
2020-08-06,0.0,0.0,0.0,0.0,1.0,0.0,1.0,0.0,0.0,0.0,0.0,0.0,0.0,0.0,,0.0,,0.0,0.0,0.0,0.0,0.0,0.0,0.0,0.0,0.0,0.0,0.0,0.0
2020-08-07,0.0,0.0,14.0,0.0,1.0,0.0,0.0,0.0,0.0,0.0,0.0,0.0,,0.0,,0.0,0.0,0.0,0.0,0.0,0.0,0.0,0.0,0.0,0.0,0.0,0.0,0.0,0.0
2020-08-08,0.0,0.0,2.0,1.0,0.0,0.0,0.0,0.0,0.0,0.0,0.0,0.0,,,0.0,0.0,0.0,0.0,0.0,0.0,0.0,0.0,0.0,0.0,0.0,0.0,0.0,0.0,0.0
2020-08-09,0.0,0.0,0.0,2.0,1.0,0.0,0.0,0.0,0.0,0.0,0.0,0.0,0.0,,,0.0,0.0,0.0,0.0,0.0,0.0,0.0,0.0,0.0,0.0,0.0,0.0,0.0,0.0
2020-08-10,0.0,0.0,0.0,0.0,0.0,0.0,0.0,0.0,0.0,0.0,0.0,0.0,0.0,0.0,0.0,0.0,0.0,0.0,0.0,0.0,0.0,0.0,0.0,0.0,0.0,0.0,0.0,0.0,0.0
2020-08-11,0.0,0.0,0.0,0.0,0.0,0.0,0.0,0.0,0.0,0.0,0.0,0.0,0.0,0.0,0.0,0.0,0.0,0.0,0.0,0.0,0.0,0.0,0.0,0.0,0.0,0.0,0.0,0.0,0.0
2020-08-12,0.0,1.0,3.0,0.0,0.0,1.0,0.0,0.0,0.0,0.0,0.0,,,0.0,0.0,0.0,0.0,0.0,0.0,0.0,0.0,0.0,0.0,0.0,0.0,0.0,0.0,0.0,0.0
2020-08-13,0.0,0.0,0.0,2.0,0.0,1.0,0.0,0.0,0.0,0.0,0.0,0.0,0.0,,0.0,,0.0,0.0,0.0,0.0,0.0,0.0,0.0,0.0,0.0,0.0,0.0,0.0,0.0
2020-08-14,0.0,4.0,3.0,3.0,5.0,1.0,0.0,1.0,0.0,0.0,0.0,,,,,,0.0,,0.0,0.0,0.0,0.0,0.0,0.0,0.0,0.0,0.0,0.0,0.0
2020-08-15,0.0,0.0,0.0,0.0,0.0,0.0,0.0,0.0,0.0,0.0,0.0,0.0,0.0,0.0,0.0,0.0,0.0,0.0,0.0,0.0,0.0,0.0,0.0,0.0,0.0,0.0,0.0,0.0,0.0
2020-08-16,0.0,0.0,0.0,0.0,1.0,0.0,0.0,0.0,0.0,0.0,0.0,0.0,0.0,0.0,,0.0,0.0,0.0,0.0,0.0,0.0,0.0,0.0,0.0,0.0,0.0,0.0,0.0,0.0
2020-08-17,0.0,0.0,1.0,0.0,0.0,0.0,0.0,0.0,0.0,0.0,0.0,0.0,,0.0,0.0,0.0,0.0,0.0,0.0,0.0,0.0,0.0,0.0,0.0,0.0,0.0,0.0,0.0,0.0
2020-08-18,0.0,0.0,0.0,1.0,1.0,0.0,1.0,0.0,0.0,0.0,0.0,0.0,0.0,,,0.0,,0.0,0.0,0.0,0.0,0.0,0.0,0.0,0.0,0.0,0.0,0.0,0.0
2020-08-19,0.0,0.0,0.0,1.0,0.0,0.0,0.0,0.0,0.0,0.0,0.0,0.0,0.0,,0.0,0.0,0.0,0.0,0.0,0.0,0.0,0.0,0.0,0.0,0.0,0.0,0.0,0.0,0.0
2020-08-20,0.0,0.0,2.0,2.0,1.0,2.0,0.0,0.0,0.0,0.0,0.0,0.0,,,,,0.0,0.0,0.0,0.0,0.0,0.0,0.0,0.0,0.0,0.0,0.0,0.0,0.0
2020-08-21,0.0,0.0,0.0,0.0,0.0,1.0,0.0,0.0,0.0,0.0,0.0,0.0,0.0,0.0,0.0,0.0,0.0,0.0,0.0,0.0,0.0,0.0,0.0,0.0,0.0,0.0,0.0,0.0,0.0
2020-08-22,0.0,0.0,0.0,0.0,0.0,0.0,0.0,0.0,0.0,0.0,0.0,0.0,0.0,0.0,0.0,0.0,0.0,0.0,0.0,0.0,0.0,0.0,0.0,0.0,0.0,0.0,0.0,0.0,0.0
2020-08-23,0.0,0.0,2.0,0.0,2.0,1.0,0.0,0.0,0.0,0.0,0.0,0.0,,0.0,,,0.0,0.0,0.0,0.0,0.0,0.0,0.0,0.0,0.0,0.0,0.0,0.0,0.0
2020-08-24,0.0,0.0,0.0,1.0,0.0,0.0,0.0,1.0,0.0,0.0,0.0,0.0,0.0,,0.0,0.0,0.0,,0.0,0.0,0.0,0.0,0.0,0.0,0.0,0.0,0.0,0.0,0.0
2020-08-25,0.0,0.0,3.0,0.0,2.0,0.0,0.0,0.0,0.0,0.0,0.0,0.0,,0.0,,0.0,0.0,0.0,0.0,0.0,0.0,0.0,0.0,0.0,0.0,0.0,0.0,0.0,0.0
2020-08-26,0.0,0.0,0.0,1.0,0.0,0.0,0.0,0.0,0.0,0.0,0.0,0.0,0.0,,0.0,0.0,0.0,0.0,0.0,0.0,0.0,0.0,0.0,0.0,0.0,0.0,0.0,0.0,0.0
2020-08-27,0.0,0.0,0.0,1.0,0.0,0.0,0.0,0.0,0.0,0.0,0.0,0.0,0.0,,0.0,0.0,0.0,0.0,0.0,0.0,0.0,0.0,0.0,0.0,0.0,0.0,0.0,0.0,0.0
2020-08-28,0.0,0.0,0.0,3.0,2.0,0.0,1.0,0.0,0.0,0.0,0.0,0.0,0.0,,,0.0,,0.0,0.0,0.0,0.0,0.0,0.0,0.0,0.0,0.0,0.0,0.0,0.0
2020-08-29,0.0,0.0,0.0,1.0,0.0,0.0,0.0,0.0,0.0,0.0,0.0,0.0,0.0,,0.0,0.0,0.0,0.0,0.0,0.0,0.0,0.0,0.0,0.0,0.0,0.0,0.0,0.0,0.0
2020-08-30,0.0,0.0,0.0,0.0,0.0,0.0,0.0,0.0,0.0,0.0,0.0,0.0,0.0,0.0,0.0,0.0,0.0,0.0,0.0,0.0,0.0,0.0,0.0,0.0,0.0,0.0,0.0,0.0,0.0
2020-08-31,0.0,0.0,1.0,0.0,0.0,0.0,0.0,0.0,0.0,0.0,0.0,0.0,,0.0,0.0,0.0,0.0,0.0,0.0,0.0,0.0,0.0,0.0,0.0,0.0,0.0,0.0,0.0,0.0
2020-09-01,1.0,1.0,2.0,1.0,0.0,0.0,0.0,0.0,0.0,,,,,,0.0,0.0,0.0,0.0,0.0,0.0,0.0,0.0,0.0,0.0,0.0,0.0,0.0,0.0,0.0
2020-09-02,0.0,2.0,2.0,2.0,2.0,0.0,0.0,0.0,0.0,0.0,0.0,,,,,0.0,0.0,0.0,0.0,0.0,0.0,0.0,0.0,0.0,0.0,0.0,0.0,0.0,0.0
2020-09-03,0.0,0.0,2.0,0.0,0.0,0.0,0.0,0.0,0.0,0.0,0.0,0.0,,0.0,0.0,0.0,0.0,0.0,0.0,0.0,0.0,0.0,0.0,0.0,0.0,0.0,0.0,0.0,0.0
2020-09-04,0.0,0.0,0.0,2.0,0.0,2.0,0.0,0.0,0.0,0.0,0.0,0.0,0.0,,0.0,,0.0,0.0,0.0,0.0,0.0,0.0,0.0,0.0,0.0,0.0,0.0,0.0,0.0
2020-09-05,0.0,3.0,1.0,0.0,3.0,0.0,0.0,0.0,0.0,0.0,0.0,,,0.0,,0.0,0.0,0.0,0.0,0.0,0.0,0.0,0.0,0.0,0.0,0.0,0.0,0.0,0.0
2020-09-06,0.0,0.0,0.0,0.0,3.0,2.0,0.0,1.0,0.0,0.0,0.0,0.0,0.0,0.0,,,0.0,,0.0,0.0,0.0,0.0,0.0,0.0,0.0,0.0,0.0,0.0,0.0
2020-09-07,0.0,0.0,1.0,0.0,0.0,0.0,0.0,0.0,0.0,0.0,0.0,0.0,,0.0,0.0,0.0,0.0,0.0,0.0,0.0,0.0,0.0,0.0,0.0,0.0,0.0,0.0,0.0,0.0
2020-09-08,0.0,0.0,0.0,0.0,1.0,0.0,0.0,0.0,0.0,0.0,0.0,0.0,0.0,0.0,,0.0,0.0,0.0,0.0,0.0,0.0,0.0,0.0,0.0,0.0,0.0,0.0,0.0,0.0
2020-09-09,0.0,0.0,0.0,1.0,0.0,0.0,0.0,0.0,0.0,0.0,0.0,0.0,0.0,,0.0,0.0,0.0,0.0,0.0,0.0,0.0,0.0,0.0,0.0,0.0,0.0,0.0,0.0,0.0
2020-09-10,1.0,0.0,3.0,3.0,0.0,0.0,0.0,0.0,0.0,,,0.0,,,0.0,0.0,0.0,0.0,0.0,0.0,0.0,0.0,0.0,0.0,0.0,0.0,0.0,0.0,0.0
2020-09-11,2.0,1.0,0.0,3.0,1.0,0.0,0.0,0.0,0.0,,,,0.0,,,0.0,0.0,0.0,0.0,0.0,0.0,0.0,0.0,0.0,0.0,0.0,0.0,0.0,0.0
2020-09-12,1.0,0.0,2.0,2.0,0.0,0.0,0.0,0.0,0.0,,,0.0,,,0.0,0.0,0.0,0.0,0.0,0.0,0.0,0.0,0.0,0.0,0.0,0.0,0.0,0.0,0.0
2020-09-13,0.0,0.0,1.0,2.0,4.0,0.0,0.0,0.0,0.0,0.0,0.0,0.0,,,,0.0,0.0,0.0,0.0,0.0,0.0,0.0,0.0,0.0,0.0,0.0,0.0,0.0,0.0
2020-09-14,0.0,0.0,2.0,0.0,0.0,0.0,0.0,0.0,0.0,0.0,0.0,0.0,,0.0,0.0,0.0,0.0,0.0,0.0,0.0,0.0,0.0,0.0,0.0,0.0,0.0,0.0,0.0,0.0
2020-09-15,0.0,1.0,0.0,2.0,1.0,0.0,1.0,0.0,0.0,0.0,0.0,,0.0,,,0.0,,0.0,0.0,0.0,0.0,0.0,0.0,0.0,0.0,0.0,0.0,0.0,0.0
2020-09-16,1.0,1.0,4.0,2.0,2.0,0.0,0.0,0.0,0.0,,,,,,,0.0,0.0,0.0,0.0,0.0,0.0,0.0,0.0,0.0,0.0,0.0,0.0,0.0,0.0
2020-09-17,0.0,0.0,0.0,0.0,0.0,0.0,0.0,0.0,0.0,0.0,0.0,0.0,0.0,0.0,0.0,0.0,0.0,0.0,0.0,0.0,0.0,0.0,0.0,0.0,0.0,0.0,0.0,0.0,0.0
2020-09-18,1.0,2.0,0.0,0.0,2.0,1.0,1.0,0.0,0.0,,,,0.0,0.0,,0.0,,0.0,0.0,0.0,0.0,0.0,0.0,0.0,0.0,0.0,0.0,0.0,0.0
2020-09-19,0.0,0.0,2.0,0.0,1.0,0.0,0.0,0.0,0.0,0.0,0.0,0.0,,0.0,,0.0,0.0,0.0,0.0,0.0,0.0,0.0,0.0,0.0,0.0,0.0,0.0,0.0,0.0
2020-09-20,1.0,0.0,3.0,2.0,0.0,0.0,0.0,0.0,0.0,,,0.0,,,0.0,0.0,0.0,0.0,0.0,0.0,0.0,0.0,0.0,0.0,0.0,0.0,0.0,0.0,0.0
2020-09-21,0.0,0.0,0.0,0.0,0.0,0.0,0.0,0.0,0.0,0.0,0.0,0.0,0.0,0.0,0.0,0.0,0.0,0.0,0.0,0.0,0.0,0.0,0.0,0.0,0.0,0.0,0.0,0.0,0.0
2020-09-22,1.0,0.0,0.0,2.0,1.0,0.0,1.0,0.0,0.0,,,0.0,0.0,,,0.0,,0.0,0.0,0.0,0.0,0.0,0.0,0.0,0.0,0.0,0.0,0.0,0.0
2020-09-23,0.0,0.0,1.0,1.0,0.0,1.0,0.0,0.0,0.0,0.0,0.0,0.0,,,0.0,,0.0,0.0,0.0,0.0,0.0,0.0,0.0,0.0,0.0,0.0,0.0,0.0,0.0
2020-09-24,0.0,0.0,0.0,1.0,0.0,1.0,0.0,0.0,0.0,0.0,0.0,0.0,0.0,,0.0,,0.0,0.0,0.0,0.0,0.0,0.0,0.0,0.0,0.0,0.0,0.0,0.0,0.0
2020-09-25,0.0,0.0,0.0,1.0,1.0,1.0,0.0,0.0,0.0,0.0,0.0,0.0,0.0,,,,0.0,0.0,0.0,0.0,0.0,0.0,0.0,0.0,0.0,0.0,0.0,0.0,0.0
2020-09-26,0.0,0.0,1.0,0.0,1.0,1.0,0.0,0.0,0.0,0.0,0.0,0.0,,0.0,,,0.0,0.0,0.0,0.0,0.0,0.0,0.0,0.0,0.0,0.0,0.0,0.0,0.0
2020-09-27,0.0,0.0,1.0,0.0,0.0,0.0,0.0,0.0,0.0,0.0,0.0,0.0,,0.0,0.0,0.0,0.0,0.0,0.0,0.0,0.0,0.0,0.0,0.0,0.0,0.0,0.0,0.0,0.0
2020-09-28,1.0,1.0,3.0,15.0,1.0,1.0,0.0,0.0,0.0,,,,,,,,0.0,0.0,0.0,0.0,0.0,0.0,0.0,0.0,0.0,0.0,0.0,0.0,0.0
2020-09-29,1.0,0.0,3.0,7.0,1.0,2.0,0.0,0.0,0.0,,,0.0,,,,,0.0,0.0,0.0,0.0,0.0,0.0,0.0,0.0,0.0,0.0,0.0,0.0,0.0
2020-09-30,0.0,0.0,1.0,2.0,1.0,0.0,1.0,0.0,0.0,0.0,0.0,0.0,,,,0.0,,0.0,0.0,0.0,0.0,0.0,0.0,0.0,0.0,0.0,0.0,0.0,0.0
2020-10-01,0.0,0.0,3.0,0.0,2.0,0.0,0.0,0.0,0.0,0.0,0.0,0.0,,0.0,,0.0,0.0,0.0,0.0,0.0,0.0,0.0,0.0,0.0,0.0,0.0,0.0,0.0,0.0
2020-10-02,1.0,0.0,2.0,1.0,1.0,1.0,0.0,0.0,0.0,,,0.0,,,,,0.0,0.0,0.0,0.0,0.0,0.0,0.0,0.0,0.0,0.0,0.0,0.0,0.0
2020-10-03,1.0,0.0,3.0,1.0,3.0,0.0,0.0,0.0,0.0,,,0.0,,,,0.0,0.0,0.0,0.0,0.0,0.0,0.0,0.0,0.0,0.0,0.0,0.0,0.0,0.0
2020-10-04,0.0,1.0,1.0,0.0,0.0,0.0,0.0,0.0,0.0,0.0,0.0,,,0.0,0.0,0.0,0.0,0.0,0.0,0.0,0.0,0.0,0.0,0.0,0.0,0.0,0.0,0.0,0.0
2020-10-05,0.0,0.0,1.0,2.0,0.0,2.0,0.0,0.0,0.0,0.0,0.0,0.0,,,0.0,,0.0,0.0,0.0,0.0,0.0,0.0,0.0,0.0,0.0,0.0,0.0,0.0,0.0
2020-10-06,0.0,0.0,4.0,2.0,2.0,1.0,1.0,0.0,0.0,0.0,0.0,0.0,,,,,,0.0,0.0,0.0,0.0,0.0,0.0,0.0,0.0,0.0,0.0,0.0,0.0
2020-10-07,0.0,0.0,5.0,3.0,4.0,3.0,0.0,0.0,0.0,0.0,0.0,0.0,,,,,0.0,0.0,0.0,0.0,0.0,0.0,0.0,0.0,0.0,0.0,0.0,0.0,0.0
2020-10-08,0.0,0.0,2.0,1.0,2.0,1.0,1.0,0.0,0.0,0.0,0.0,0.0,,,,,,0.0,0.0,0.0,0.0,0.0,0.0,0.0,0.0,0.0,0.0,0.0,0.0
2020-10-09,0.0,0.0,4.0,0.0,2.0,0.0,0.0,0.0,0.0,0.0,0.0,0.0,,0.0,,0.0,0.0,0.0,0.0,0.0,0.0,0.0,0.0,0.0,0.0,0.0,0.0,0.0,0.0
2020-10-10,0.0,0.0,0.0,4.0,0.0,2.0,0.0,0.0,0.0,0.0,0.0,0.0,0.0,,0.0,,0.0,0.0,0.0,0.0,0.0,0.0,0.0,0.0,0.0,0.0,0.0,0.0,0.0
2020-10-11,0.0,0.0,0.0,2.0,0.0,0.0,0.0,0.0,0.0,0.0,0.0,0.0,0.0,,0.0,0.0,0.0,0.0,0.0,0.0,0.0,0.0,0.0,0.0,0.0,0.0,0.0,0.0,0.0
2020-10-12,1.0,0.0,2.0,0.0,1.0,1.0,0.0,0.0,0.0,,,0.0,,0.0,,,0.0,0.0,0.0,0.0,0.0,0.0,0.0,0.0,0.0,0.0,0.0,0.0,0.0
2020-10-13,0.0,0.0,1.0,0.0,0.0,1.0,0.0,0.0,0.0,0.0,0.0,0.0,,0.0,0.0,0.0,0.0,0.0,0.0,0.0,0.0,0.0,0.0,0.0,0.0,0.0,0.0,0.0,0.0
2020-10-14,0.0,0.0,3.0,4.0,0.0,2.0,0.0,0.0,0.0,0.0,0.0,0.0,,,0.0,,0.0,0.0,0.0,0.0,0.0,0.0,0.0,0.0,0.0,0.0,0.0,0.0,0.0
2020-10-15,0.0,0.0,1.0,5.0,3.0,3.0,1.0,0.0,0.0,0.0,0.0,0.0,,,,,,0.0,0.0,0.0,0.0,0.0,0.0,0.0,0.0,0.0,0.0,0.0,0.0
2020-10-16,0.0,1.0,0.0,2.0,1.0,0.0,0.0,0.0,0.0,0.0,0.0,,0.0,,,0.0,0.0,0.0,0.0,0.0,0.0,0.0,0.0,0.0,0.0,0.0,0.0,0.0,0.0
2020-10-17,0.0,0.0,5.0,0.0,1.0,3.0,1.0,0.0,0.0,0.0,0.0,0.0,,0.0,,,,0.0,0.0,0.0,0.0,0.0,0.0,0.0,0.0,0.0,0.0,0.0,0.0
2020-10-18,1.0,1.0,1.0,2.0,1.0,1.0,0.0,0.0,0.0,,,,,,,,0.0,0.0,0.0,0.0,0.0,0.0,0.0,0.0,0.0,0.0,0.0,0.0,0.0
2020-10-19,0.0,0.0,3.0,1.0,1.0,0.0,0.0,0.0,0.0,0.0,0.0,0.0,,,,0.0,0.0,0.0,0.0,0.0,0.0,0.0,0.0,0.0,0.0,0.0,0.0,0.0,0.0
2020-10-20,0.0,0.0,4.0,3.0,2.0,0.0,0.0,0.0,0.0,0.0,0.0,0.0,,,,0.0,0.0,0.0,0.0,0.0,0.0,0.0,0.0,0.0,0.0,0.0,0.0,0.0,0.0
2020-10-21,0.0,0.0,2.0,5.0,1.0,1.0,0.0,0.0,0.0,0.0,0.0,0.0,,,,,0.0,0.0,0.0,0.0,0.0,0.0,0.0,0.0,0.0,0.0,0.0,0.0,0.0
2020-10-22,0.0,0.0,2.0,0.0,1.0,2.0,5.0,0.0,0.0,0.0,0.0,0.0,,0.0,,,,0.0,0.0,0.0,0.0,0.0,0.0,0.0,0.0,0.0,0.0,0.0,0.0
2020-10-23,1.0,0.0,1.0,4.0,1.0,1.0,0.0,0.0,0.0,,,0.0,,,,,0.0,0.0,0.0,0.0,0.0,0.0,0.0,0.0,0.0,0.0,0.0,0.0,0.0
2020-10-24,0.0,0.0,1.0,2.0,0.0,1.0,0.0,0.0,0.0,0.0,0.0,0.0,,,0.0,,0.0,0.0,0.0,0.0,0.0,0.0,0.0,0.0,0.0,0.0,0.0,0.0,0.0
2020-10-25,0.0,0.0,0.0,2.0,1.0,1.0,1.0,0.0,0.0,0.0,0.0,0.0,0.0,,,,,0.0,0.0,0.0,0.0,0.0,0.0,0.0,0.0,0.0,0.0,0.0,0.0
2020-10-26,0.0,0.0,1.0,2.0,4.0,0.0,0.0,0.0,0.0,0.0,0.0,0.0,,,,0.0,0.0,0.0,0.0,0.0,0.0,0.0,0.0,0.0,0.0,0.0,0.0,0.0,0.0
2020-10-27,0.0,1.0,1.0,0.0,0.0,1.0,0.0,0.0,0.0,0.0,0.0,,,0.0,0.0,0.0,0.0,0.0,0.0,0.0,0.0,0.0,0.0,0.0,0.0,0.0,0.0,0.0,0.0
2020-10-28,0.0,0.0,4.0,3.0,3.0,1.0,1.0,0.0,0.0,0.0,0.0,0.0,,,,,,0.0,0.0,0.0,0.0,0.0,0.0,0.0,0.0,0.0,0.0,0.0,0.0
2020-10-29,0.0,1.0,2.0,0.0,1.0,0.0,1.0,0.0,0.0,0.0,0.0,,,0.0,,0.0,,0.0,0.0,0.0,0.0,0.0,0.0,0.0,0.0,0.0,0.0,0.0,0.0
2020-10-30,0.0,0.0,2.0,6.0,3.0,1.0,0.0,0.0,0.0,0.0,0.0,0.0,,,,,0.0,0.0,0.0,0.0,0.0,0.0,0.0,0.0,0.0,0.0,0.0,0.0,0.0
2020-10-31,0.0,0.0,2.0,2.0,1.0,0.0,0.0,0.0,0.0,0.0,0.0,0.0,,,,0.0,0.0,0.0,0.0,0.0,0.0,0.0,0.0,0.0,0.0,0.0,0.0,0.0,0.0
2020-11-01,0.0,0.0,2.0,0.0,1.0,0.0,1.0,0.0,0.0,0.0,0.0,0.0,,0.0,,0.0,,0.0,0.0,0.0,0.0,0.0,0.0,0.0,0.0,0.0,0.0,0.0,0.0
2020-11-02,0.0,0.0,0.0,1.0,0.0,2.0,0.0,0.0,0.0,0.0,0.0,0.0,0.0,,0.0,,0.0,0.0,0.0,0.0,0.0,0.0,0.0,0.0,0.0,0.0,0.0,0.0,0.0
2020-11-03,0.0,1.0,2.0,4.0,2.0,0.0,1.0,0.0,0.0,0.0,0.0,,,,,0.0,,0.0,0.0,0.0,0.0,0.0,0.0,0.0,0.0,0.0,0.0,0.0,0.0
2020-11-04,0.0,0.0,3.0,1.0,2.0,1.0,0.0,0.0,0.0,0.0,0.0,0.0,,,,,0.0,0.0,0.0,0.0,0.0,0.0,0.0,0.0,0.0,0.0,0.0,0.0,0.0
2020-11-05,0.0,0.0,1.0,0.0,2.0,2.0,0.0,1.0,0.0,0.0,0.0,0.0,,0.0,,,0.0,,0.0,0.0,0.0,0.0,0.0,0.0,0.0,0.0,0.0,0.0,0.0
2020-11-06,0.0,0.0,1.0,3.0,2.0,1.0,1.0,0.0,0.0,0.0,0.0,0.0,,,,,,0.0,0.0,0.0,0.0,0.0,0.0,0.0,0.0,0.0,0.0,0.0,0.0
2020-11-07,0.0,0.0,1.0,3.0,5.0,1.0,2.0,0.0,0.0,0.0,0.0,0.0,,,,,,0.0,0.0,0.0,0.0,0.0,0.0,0.0,0.0,0.0,0.0,0.0,0.0
2020-11-08,0.0,0.0,1.0,2.0,1.0,2.0,1.0,0.0,0.0,0.0,0.0,0.0,,,,,,0.0,0.0,0.0,0.0,0.0,0.0,0.0,0.0,0.0,0.0,0.0,0.0
2020-11-09,0.0,0.0,1.0,2.0,0.0,0.0,0.0,0.0,0.0,0.0,0.0,0.0,,,0.0,0.0,0.0,0.0,0.0,0.0,0.0,0.0,0.0,0.0,0.0,0.0,0.0,0.0,0.0
2020-11-10,0.0,0.0,1.0,1.0,0.0,2.0,0.0,0.0,0.0,0.0,0.0,0.0,,,0.0,,0.0,0.0,0.0,0.0,0.0,0.0,0.0,0.0,0.0,0.0,0.0,0.0,0.0
2020-11-11,0.0,0.0,0.0,0.0,1.0,1.0,1.0,0.0,0.0,0.0,0.0,0.0,0.0,0.0,,,,0.0,0.0,0.0,0.0,0.0,0.0,0.0,0.0,0.0,0.0,0.0,0.0
2020-11-12,0.0,0.0,0.0,1.0,1.0,1.0,1.0,1.0,0.0,0.0,0.0,0.0,0.0,,,,,,0.0,0.0,0.0,0.0,0.0,0.0,0.0,0.0,0.0,0.0,0.0
2020-11-13,0.0,0.0,0.0,1.0,3.0,2.0,1.0,2.0,0.0,0.0,0.0,0.0,0.0,,,,,,0.0,0.0,0.0,0.0,0.0,0.0,0.0,0.0,0.0,0.0,0.0
2020-11-14,0.0,1.0,1.0,1.0,2.0,0.0,0.0,0.0,0.0,0.0,0.0,,,,,0.0,0.0,0.0,0.0,0.0,0.0,0.0,0.0,0.0,0.0,0.0,0.0,0.0,0.0
2020-11-15,0.0,0.0,0.0,4.0,4.0,0.0,0.0,0.0,0.0,0.0,0.0,0.0,0.0,,,0.0,0.0,0.0,0.0,0.0,0.0,0.0,0.0,0.0,0.0,0.0,0.0,0.0,0.0
2020-11-16,0.0,0.0,1.0,0.0,0.0,0.0,0.0,0.0,0.0,0.0,0.0,0.0,,0.0,0.0,0.0,0.0,0.0,0.0,0.0,0.0,0.0,0.0,0.0,0.0,0.0,0.0,0.0,0.0
2020-11-17,0.0,0.0,1.0,0.0,0.0,1.0,0.0,1.0,0.0,0.0,0.0,0.0,,0.0,0.0,,0.0,,0.0,0.0,0.0,0.0,0.0,0.0,0.0,0.0,0.0,0.0,0.0
2020-11-18,0.0,0.0,1.0,0.0,1.0,0.0,0.0,0.0,0.0,0.0,0.0,0.0,,0.0,,0.0,0.0,0.0,0.0,0.0,0.0,0.0,0.0,0.0,0.0,0.0,0.0,0.0,0.0
2020-11-19,0.0,0.0,2.0,4.0,1.0,0.0,1.0,0.0,0.0,0.0,0.0,0.0,,,,0.0,,0.0,0.0,0.0,0.0,0.0,0.0,0.0,0.0,0.0,0.0,0.0,0.0
2020-11-20,0.0,0.0,1.0,1.0,2.0,0.0,0.0,0.0,0.0,0.0,0.0,0.0,,,,0.0,0.0,0.0,0.0,0.0,0.0,0.0,0.0,0.0,0.0,0.0,0.0,0.0,0.0
2020-11-21,0.0,1.0,2.0,2.0,1.0,3.0,1.0,0.0,0.0,0.0,0.0,,,,,,,0.0,0.0,0.0,0.0,0.0,0.0,0.0,0.0,0.0,0.0,0.0,0.0
2020-11-22,0.0,1.0,1.0,0.0,4.0,2.0,1.0,2.0,0.0,0.0,0.0,,,0.0,,,,,0.0,0.0,0.0,0.0,0.0,0.0,0.0,0.0,0.0,0.0,0.0
2020-11-23,0.0,1.0,0.0,1.0,3.0,1.0,1.0,0.0,0.0,0.0,0.0,,0.0,,,,,0.0,0.0,0.0,0.0,0.0,0.0,0.0,0.0,0.0,0.0,0.0,0.0
2020-11-24,1.0,0.0,0.0,1.0,0.0,0.0,0.0,0.0,0.0,,,0.0,0.0,,0.0,0.0,0.0,0.0,0.0,0.0,0.0,0.0,0.0,0.0,0.0,0.0,0.0,0.0,0.0
2020-11-25,0.0,0.0,0.0,1.0,2.0,1.0,0.0,0.0,0.0,0.0,0.0,0.0,0.0,,,,0.0,0.0,0.0,0.0,0.0,0.0,0.0,0.0,0.0,0.0,0.0,0.0,0.0
2020-11-26,0.0,1.0,1.0,3.0,7.0,3.0,1.0,0.0,0.0,0.0,0.0,,,,,,,0.0,0.0,0.0,0.0,0.0,0.0,0.0,0.0,0.0,0.0,0.0,0.0
2020-11-27,1.0,2.0,2.0,6.0,4.0,1.0,2.0,1.0,0.0,,,,,,,,,,0.0,0.0,0.0,0.0,0.0,0.0,0.0,0.0,0.0,0.0,0.0
2020-11-28,0.0,0.0,3.0,1.0,1.0,0.0,0.0,0.0,0.0,0.0,0.0,0.0,,,,0.0,0.0,0.0,0.0,0.0,0.0,0.0,0.0,0.0,0.0,0.0,0.0,0.0,0.0
2020-11-29,0.0,0.0,4.0,2.0,2.0,2.0,1.0,0.0,0.0,0.0,0.0,0.0,,,,,,0.0,0.0,0.0,0.0,0.0,0.0,0.0,0.0,0.0,0.0,0.0,0.0
2020-11-30,0.0,2.0,7.0,7.0,1.0,2.0,2.0,0.0,0.0,0.0,0.0,,,,,,,0.0,0.0,0.0,0.0,0.0,0.0,0.0,0.0,0.0,0.0,0.0,0.0
2020-12-01,1.0,0.0,3.0,3.0,0.0,1.0,2.0,0.0,0.0,,,0.0,,,0.0,,,0.0,0.0,0.0,0.0,0.0,0.0,0.0,0.0,0.0,0.0,0.0,0.0
2020-12-02,0.0,0.0,5.0,3.0,3.0,5.0,2.0,0.0,0.0,0.0,0.0,0.0,,,,,,0.0,0.0,0.0,0.0,0.0,0.0,0.0,0.0,0.0,0.0,0.0,0.0
2020-12-03,0.0,0.0,5.0,5.0,3.0,0.0,0.0,0.0,0.0,0.0,0.0,0.0,,,,0.0,0.0,0.0,0.0,0.0,0.0,0.0,0.0,0.0,0.0,0.0,0.0,0.0,0.0
2020-12-04,0.0,0.0,4.0,5.0,3.0,0.0,1.0,1.0,0.0,0.0,0.0,0.0,,,,0.0,,,0.0,0.0,0.0,0.0,0.0,0.0,0.0,0.0,0.0,0.0,0.0
2020-12-05,0.0,2.0,8.0,2.0,2.0,3.0,2.0,0.0,0.0,0.0,0.0,,,,,,,0.0,0.0,0.0,0.0,0.0,0.0,0.0,0.0,0.0,0.0,0.0,0.0
2020-12-06,1.0,2.0,4.0,2.0,3.0,0.0,0.0,2.0,0.0,,,,,,,0.0,0.0,,0.0,0.0,0.0,0.0,0.0,0.0,0.0,0.0,0.0,0.0,0.0
2020-12-07,1.0,0.0,11.0,3.0,4.0,0.0,2.0,0.0,0.0,,,0.0,,,,0.0,,0.0,0.0,0.0,0.0,0.0,0.0,0.0,0.0,0.0,0.0,0.0,0.0
2020-12-08,0.0,0.0,8.0,5.0,1.0,1.0,3.0,1.0,0.0,0.0,0.0,0.0,,,,,,,0.0,0.0,0.0,0.0,0.0,0.0,0.0,0.0,0.0,0.0,0.0
2020-12-09,2.0,1.0,6.0,5.0,3.0,5.0,2.0,1.0,0.0,,,,,,,,,,0.0,0.0,0.0,0.0,0.0,0.0,0.0,0.0,0.0,0.0,0.0
2020-12-10,0.0,0.0,6.0,3.0,0.0,6.0,3.0,0.0,0.0,0.0,0.0,0.0,,,0.0,,,0.0,0.0,0.0,0.0,0.0,0.0,0.0,0.0,0.0,0.0,0.0,0.0
2020-12-11,0.0,1.0,4.0,4.0,1.0,1.0,0.0,0.0,0.0,0.0,0.0,,,,,,0.0,0.0,0.0,0.0,0.0,0.0,0.0,0.0,0.0,0.0,0.0,0.0,0.0
2020-12-12,0.0,1.0,1.0,6.0,3.0,1.0,0.0,0.0,0.0,0.0,0.0,,,,,,0.0,0.0,0.0,0.0,0.0,0.0,0.0,0.0,0.0,0.0,0.0,0.0,0.0
2020-12-13,0.0,1.0,5.0,5.0,1.0,2.0,1.0,2.0,0.0,0.0,0.0,,,,,,,,0.0,0.0,0.0,0.0,0.0,0.0,0.0,0.0,0.0,0.0,0.0
2020-12-14,0.0,0.0,6.0,12.0,6.0,4.0,0.0,0.0,0.0,0.0,0.0,0.0,,,,,0.0,0.0,0.0,0.0,0.0,0.0,0.0,0.0,0.0,0.0,0.0,0.0,0.0
2020-12-15,1.0,0.0,0.0,2.0,2.0,3.0,1.0,0.0,0.0,,,0.0,0.0,,,,,0.0,0.0,0.0,0.0,0.0,0.0,0.0,0.0,0.0,0.0,0.0,0.0
2020-12-16,0.0,0.0,5.0,5.0,4.0,1.0,0.0,0.0,0.0,0.0,0.0,0.0,,,,,0.0,0.0,0.0,0.0,0.0,0.0,0.0,0.0,0.0,0.0,0.0,0.0,0.0
2020-12-17,0.0,1.0,1.0,6.0,6.0,2.0,1.0,3.0,0.0,0.0,0.0,,,,,,,,0.0,0.0,0.0,0.0,0.0,0.0,0.0,0.0,0.0,0.0,0.0
2020-12-18,3.0,1.0,6.0,2.0,1.0,0.0,3.0,0.0,0.0,,,,,,,0.0,,0.0,0.0,0.0,0.0,0.0,0.0,0.0,0.0,0.0,0.0,0.0,0.0
2020-12-19,1.0,2.0,4.0,8.0,10.0,6.0,1.0,2.0,0.0,,,,,,,,,,0.0,0.0,0.0,0.0,0.0,0.0,0.0,0.0,0.0,0.0,0.0
2020-12-20,0.0,1.0,20.0,17.0,18.0,5.0,3.0,1.0,511.0,0.0,0.0,,,,,,,,,0.0,0.0,1.0,2.0,4.0,4.0,0.0,3.0,0.0,511.0
2020-12-21,0.0,1.0,5.0,6.0,7.0,1.0,2.0,0.0,360.0,0.0,0.0,,,,,,,0.0,,0.0,0.0,0.0,0.0,0.0,0.0,0.0,0.0,0.0,360.0
2020-12-22,0.0,2.0,4.0,8.0,8.0,6.0,2.0,0.0,397.0,0.0,0.0,,,,,,,0.0,,0.0,0.0,0.0,0.0,0.0,0.0,0.0,0.0,0.0,397.0
2020-12-23,0.0,1.0,8.0,12.0,12.0,9.0,3.0,1.0,0.0,0.0,0.0,,,,,,,,0.0,0.0,0.0,0.0,0.0,2.0,0.0,0.0,0.0,0.0,0.0
2020-12-24,0.0,3.0,15.0,17.0,13.0,15.0,4.0,0.0,0.0,0.0,0.0,,,,,,,0.0,0.0,0.0,0.0,0.0,0.0,0.0,0.0,0.0,0.0,0.0,0.0
2020-12-25,1.0,2.0,8.0,14.0,11.0,6.0,3.0,1.0,35.0,,,,,,,,,,,0.0,0.0,0.0,1.0,0.0,0.0,0.0,0.0,0.0,34.0
2020-12-26,2.0,5.0,14.0,15.0,19.0,15.0,8.0,2.0,30.0,,,,,,,,,,,0.0,0.0,0.0,0.0,0.0,0.0,0.0,0.0,0.0,30.0
2020-12-27,2.0,7.0,9.0,23.0,20.0,18.0,16.0,8.0,18.0,,,,,,,,,,,0.0,0.0,2.0,0.0,4.0,1.0,0.0,0.0,2.0,18.0
2020-12-28,1.0,3.0,21.0,32.0,26.0,25.0,10.0,7.0,19.0,,,,,,,,,,,0.0,0.0,0.0,2.0,3.0,3.0,2.0,0.0,0.0,14.0
2020-12-29,1.0,4.0,35.0,35.0,31.0,24.0,12.0,3.0,10.0,,1.0,,,,1.0,,,,,0.0,0.0,0.0,0.0,0.0,0.0,0.0,0.0,0.0,0.0
2020-12-30,4.0,4.0,17.0,17.0,17.0,13.0,8.0,2.0,168.0,,,,,,,,,,,0.0,0.0,0.0,4.0,3.0,3.0,1.0,1.0,0.0,6.0
2020-12-31,2.0,6.0,16.0,23.0,23.0,21.0,15.0,8.0,80.0,,,,,,,,,,,0.0,0.0,2.0,4.0,3.0,2.0,1.0,0.0,0.0,27.0
2021-01-01,1.0,16.0,27.0,41.0,33.0,25.0,10.0,4.0,122.0,,1.0,,,,1.0,,,,,0.0,0.0,0.0,4.0,5.0,5.0,3.0,1.0,0.0,0.0
2021-01-02,3.0,7.0,59.0,43.0,38.0,31.0,16.0,6.0,13.0,,1.0,,,,1.0,,,,,0.0,0.0,2.0,28.0,17.0,14.0,8.0,2.0,1.0,1.0
2021-01-03,2.0,6.0,26.0,29.0,42.0,47.0,22.0,4.0,137.0,,,,,,,,,,,0.0,0.0,0.0,1.0,1.0,2.0,2.0,1.0,0.0,55.0
2021-01-04,7.0,20.0,55.0,67.0,51.0,43.0,21.0,7.0,474.0,,1.0,,,,,1.0,,,,0.0,0.0,1.0,18.0,10.0,5.0,0.0,1.0,0.0,472.0
2021-01-05,1.0,8.0,21.0,29.0,26.0,15.0,7.0,0.0,420.0,,1.0,,,1.0,,,,0.0,,0.0,0.0,1.0,9.0,14.0,9.0,6.0,2.0,0.0,418.0
2021-01-06,14.0,17.0,76.0,85.0,57.0,58.0,27.0,16.0,15.0,,1.0,,,,,,1.0,,,2.0,2.0,3.0,32.0,26.0,13.0,13.0,4.0,5.0,0.0
2021-01-07,5.0,16.0,85.0,86.0,63.0,31.0,16.0,3.0,0.0,,,,,,,,,,0.0,1.0,1.0,7.0,43.0,38.0,22.0,9.0,2.0,0.0,0.0
2021-01-08,6.0,14.0,64.0,44.0,38.0,24.0,10.0,4.0,1.0,,,,,,,,,,,1.0,1.0,0.0,15.0,5.0,7.0,3.0,2.0,0.0,1.0
2021-01-09,5.0,9.0,51.0,58.0,46.0,29.0,12.0,2.0,0.0,,,,,,,,,,0.0,0.0,0.0,0.0,4.0,5.0,0.0,0.0,1.0,0.0,0.0
2021-01-10,8.0,12.0,81.0,63.0,37.0,28.0,9.0,6.0,1.0,,,,,,,,,,,2.0,2.0,5.0,20.0,16.0,15.0,7.0,1.0,1.0,1.0
2021-01-11,3.0,11.0,55.0,52.0,53.0,30.0,15.0,8.0,22.0,,,,,,,,,,,0.0,0.0,3.0,12.0,9.0,4.0,0.0,1.0,0.0,21.0
2021-01-12,7.0,11.0,100.0,89.0,46.0,19.0,9.0,5.0,1.0,,,,,,,,,,,0.0,0.0,1.0,56.0,58.0,10.0,1.0,1.0,0.0,0.0
2021-01-13,4.0,8.0,53.0,37.0,18.0,29.0,6.0,2.0,0.0,,,,,,,,,,0.0,1.0,1.0,2.0,18.0,9.0,3.0,8.0,1.0,0.0,0.0
2021-01-14,4.0,8.0,102.0,96.0,34.0,21.0,6.0,0.0,0.0,,,,,,,,,0.0,0.0,0.0,0.0,2.0,83.0,74.0,14.0,7.0,1.0,0.0,0.0
2021-01-15,2.0,6.0,76.0,50.0,27.0,12.0,10.0,5.0,0.0,,,,,,,,,,0.0,0.0,0.0,3.0,34.0,21.0,9.0,6.0,0.0,0.0,0.0
2021-01-16,8.0,8.0,78.0,75.0,22.0,18.0,6.0,1.0,14.0,,,,,,,,,,,2.0,2.0,2.0,49.0,48.0,7.0,3.0,2.0,1.0,12.0
2021-01-17,3.0,4.0,136.0,127.0,55.0,41.0,3.0,5.0,0.0,,,,,,,,,,0.0,2.0,2.0,2.0,122.0,111.0,49.0,33.0,1.0,1.0,0.0
2021-01-18,2.0,6.0,169.0,132.0,40.0,11.0,8.0,1.0,0.0,,,,,,,,,,0.0,0.0,0.0,3.0,136.0,105.0,27.0,4.0,0.0,0.0,0.0
2021-01-19,1.0,1.0,69.0,52.0,39.0,5.0,4.0,0.0,0.0,,,,,,,,,0.0,0.0,0.0,0.0,0.0,54.0,41.0,27.0,3.0,0.0,0.0,0.0
2021-01-20,1.0,5.0,16.0,10.0,13.0,12.0,2.0,0.0,0.0,,,,,,,,,0.0,0.0,0.0,0.0,0.0,5.0,5.0,8.0,5.0,0.0,0.0,0.0
2021-01-21,3.0,6.0,44.0,32.0,13.0,13.0,1.0,1.0,29.0,,,,,,,,,,,1.0,1.0,0.0,0.0,3.0,2.0,2.0,0.0,0.0,29.0
2021-01-22,3.0,8.0,150.0,92.0,32.0,19.0,4.0,1.0,0.0,,,,,,,,,,0.0,0.0,0.0,1.0,122.0,65.0,21.0,8.0,0.0,0.0,0.0
2021-01-23,0.0,8.0,82.0,50.0,38.0,17.0,2.0,1.0,0.0,0.0,0.0,,,,,,,,0.0,0.0,0.0,5.0,57.0,29.0,16.0,4.0,0.0,0.0,0.0
2021-01-24,2.0,6.0,67.0,74.0,32.0,16.0,0.0,1.0,0.0,,2.0,,,,,1.0,0.0,1.0,0.0,0.0,0.0,1.0,30.0,36.0,6.0,0.0,0.0,0.0,0.0
2021-01-25,3.0,11.0,55.0,62.0,32.0,17.0,5.0,2.0,0.0,,,,,,,,,,0.0,0.0,0.0,7.0,41.0,37.0,23.0,8.0,0.0,0.0,0.0
2021-01-26,5.0,24.0,393.0,363.0,134.0,27.0,5.0,5.0,3.0,,,,,,,,,,,5.0,5.0,21.0,379.0,349.0,126.0,26.0,3.0,4.0,3.0
2021-01-27,4.0,7.0,408.0,320.0,61.0,16.0,1.0,2.0,0.0,,1.0,,,,,1.0,,,0.0,3.0,3.0,7.0,400.0,314.0,57.0,12.0,0.0,1.0,0.0
2021-01-28,1.0,14.0,337.0,294.0,37.0,8.0,2.0,0.0,63.0,,,,,,,,,0.0,,0.0,0.0,11.0,334.0,287.0,35.0,3.0,0.0,0.0,63.0
2021-01-29,2.0,17.0,291.0,279.0,156.0,51.0,5.0,1.0,0.0,,,,,,,,,,0.0,0.0,0.0,12.0,270.0,262.0,142.0,44.0,4.0,0.0,0.0
2021-01-30,2.0,11.0,431.0,316.0,115.0,33.0,5.0,1.0,16.0,,,,,,,,,,,1.0,1.0,10.0,421.0,304.0,108.0,28.0,1.0,1.0,16.0
2021-01-31,2.0,9.0,63.0,52.0,22.0,14.0,2.0,0.0,665.0,,,,,,,,,0.0,,0.0,0.0,6.0,23.0,23.0,10.0,2.0,2.0,0.0,665.0
2021-02-01,3.0,21.0,410.0,278.0,101.0,20.0,0.0,3.0,0.0,,1.0,,,,,,0.0,1.0,0.0,2.0,2.0,21.0,392.0,265.0,93.0,18.0,0.0,2.0,0.0
2021-02-02,2.0,9.0,360.0,289.0,134.0,36.0,5.0,1.0,0.0,,1.0,,,,,,1.0,,0.0,0.0,0.0,5.0,309.0,248.0,117.0,29.0,2.0,0.0,0.0
2021-02-03,2.0,12.0,317.0,290.0,122.0,37.0,7.0,2.0,6.0,,,,,,,,,,,1.0,1.0,11.0,304.0,279.0,121.0,35.0,2.0,0.0,6.0
2021-02-04,4.0,18.0,328.0,273.0,106.0,65.0,12.0,3.0,0.0,,,,,,,,,,0.0,0.0,0.0,15.0,309.0,256.0,97.0,63.0,11.0,0.0,0.0
2021-02-05,1.0,21.0,290.0,221.0,36.0,11.0,5.0,1.0,0.0,,,,,,,,,,0.0,0.0,0.0,21.0,269.0,203.0,26.0,6.0,2.0,0.0,0.0
2021-02-06,6.0,11.0,157.0,159.0,52.0,16.0,5.0,2.0,82.0,,,,,,,,,,,0.0,0.0,6.0,134.0,141.0,36.0,10.0,2.0,2.0,82.0
2021-02-07,5.0,10.0,51.0,129.0,28.0,12.0,2.0,0.0,0.0,,,,,,,,,0.0,0.0,0.0,0.0,1.0,5.0,99.0,6.0,1.0,0.0,0.0,0.0
2021-02-08,1.0,7.0,69.0,64.0,28.0,13.0,3.0,1.0,0.0,,,,,,,,,,0.0,0.0,0.0,3.0,16.0,7.0,3.0,6.0,0.0,0.0,0.0
2021-02-09,2.0,7.0,67.0,41.0,30.0,31.0,5.0,0.0,6.0,,,,,,,,,0.0,,0.0,0.0,3.0,14.0,9.0,10.0,11.0,3.0,0.0,6.0
2021-02-10,4.0,1.0,50.0,54.0,21.0,17.0,4.0,2.0,4.0,,,,,,,,,,,2.0,2.0,0.0,34.0,39.0,16.0,8.0,1.0,2.0,4.0
2021-02-11,8.0,8.0,60.0,75.0,22.0,15.0,8.0,5.0,0.0,,,,,,,,,,0.0,0.0,0.0,2.0,23.0,53.0,9.0,6.0,1.0,1.0,0.0
2021-02-12,1.0,1.0,72.0,47.0,33.0,17.0,2.0,2.0,0.0,,,,,,,,,,0.0,0.0,0.0,1.0,51.0,29.0,27.0,12.0,0.0,0.0,0.0
2021-02-13,4.0,10.0,26.0,36.0,25.0,12.0,9.0,0.0,4.0,,,,,,,,,0.0,,2.0,2.0,10.0,16.0,19.0,12.0,10.0,6.0,0.0,4.0
2021-02-14,4.0,7.0,56.0,51.0,21.0,19.0,8.0,0.0,0.0,,,,,,,,,0.0,0.0,3.0,3.0,3.0,28.0,32.0,13.0,9.0,1.0,0.0,0.0
2021-02-15,4.0,10.0,42.0,30.0,23.0,21.0,11.0,1.0,1.0,,,,,,,,,,,1.0,1.0,4.0,19.0,14.0,8.0,16.0,4.0,1.0,1.0
2021-02-16,4.0,3.0,21.0,19.0,9.0,6.0,8.0,2.0,0.0,,,,,,,,,,0.0,4.0,4.0,1.0,10.0,12.0,8.0,5.0,7.0,1.0,0.0
2021-02-17,6.0,9.0,60.0,51.0,30.0,10.0,7.0,2.0,0.0,,,,,,,,,,0.0,4.0,4.0,6.0,43.0,34.0,19.0,4.0,2.0,2.0,0.0
2021-02-18,6.0,6.0,47.0,40.0,34.0,8.0,5.0,4.0,0.0,,,,,,,,,,0.0,3.0,3.0,4.0,39.0,31.0,19.0,4.0,3.0,1.0,0.0
2021-02-19,3.0,2.0,40.0,39.0,27.0,13.0,4.0,2.0,0.0,,,,,,,,,,0.0,0.0,0.0,0.0,20.0,23.0,11.0,0.0,0.0,0.0,0.0
2021-02-20,3.0,9.0,22.0,19.0,14.0,10.0,3.0,2.0,0.0,,,,,,,,,,0.0,0.0,0.0,3.0,15.0,11.0,8.0,7.0,0.0,0.0,0.0
2021-02-21,1.0,11.0,26.0,11.0,23.0,9.0,9.0,2.0,0.0,,,,,,,,,,0.0,0.0,0.0,7.0,9.0,2.0,8.0,6.0,5.0,1.0,0.0
2021-02-22,3.0,4.0,24.0,24.0,19.0,10.0,2.0,3.0,0.0,,,,,,,,,,0.0,0.0,0.0,0.0,4.0,5.0,3.0,1.0,0.0,1.0,0.0
2021-02-23,3.0,5.0,29.0,21.0,13.0,16.0,5.0,3.0,0.0,,,,,,,,,,0.0,3.0,3.0,1.0,13.0,7.0,6.0,7.0,3.0,1.0,0.0
2021-02-24,0.0,2.0,22.0,28.0,23.0,10.0,4.0,3.0,1.0,0.0,0.0,,,,,,,,,0.0,0.0,0.0,2.0,2.0,1.0,6.0,1.0,0.0,0.0
2021-02-25,1.0,6.0,17.0,22.0,17.0,8.0,1.0,0.0,0.0,,,,,,,,,0.0,0.0,0.0,0.0,4.0,6.0,5.0,3.0,1.0,1.0,0.0,0.0
2021-02-26,2.0,1.0,8.0,12.0,8.0,5.0,5.0,4.0,0.0,,,,,,,,,,0.0,0.0,0.0,0.0,0.0,4.0,1.0,0.0,0.0,0.0,0.0
2021-02-27,6.0,8.0,22.0,16.0,7.0,8.0,4.0,1.0,0.0,,,,,,,,,,0.0,0.0,0.0,1.0,6.0,3.0,1.0,1.0,1.0,0.0,0.0
2021-02-28,1.0,5.0,24.0,13.0,10.0,11.0,1.0,5.0,0.0,,,,,,,,,,0.0,1.0,1.0,2.0,8.0,2.0,3.0,3.0,0.0,0.0,0.0
2021-03-01,3.0,3.0,32.0,23.0,13.0,3.0,3.0,0.0,0.0,,,,,,,,,0.0,0.0,1.0,1.0,1.0,17.0,9.0,7.0,1.0,0.0,0.0,0.0
2021-03-02,0.0,6.0,9.0,11.0,7.0,3.0,5.0,1.0,0.0,0.0,0.0,,,,,,,,0.0,0.0,0.0,1.0,1.0,1.0,0.0,0.0,0.0,0.0,0.0
2021-03-03,1.0,1.0,11.0,12.0,7.0,3.0,0.0,0.0,0.0,,,,,,,,0.0,0.0,0.0,0.0,0.0,0.0,2.0,5.0,1.0,0.0,0.0,0.0,0.0
2021-03-04,2.0,4.0,17.0,11.0,11.0,5.0,1.0,3.0,0.0,,,,,,,,,,0.0,0.0,0.0,0.0,2.0,2.0,3.0,1.0,0.0,0.0,0.0
2021-03-05,0.0,1.0,17.0,17.0,8.0,6.0,2.0,2.0,26.0,0.0,0.0,,,,,,,,,0.0,0.0,1.0,4.0,9.0,2.0,1.0,0.0,0.0,26.0
2021-03-06,1.0,1.0,19.0,22.0,15.0,6.0,0.0,0.0,0.0,,,,,,,,0.0,0.0,0.0,0.0,0.0,0.0,9.0,8.0,6.0,2.0,0.0,0.0,0.0
2021-03-07,3.0,1.0,16.0,15.0,18.0,9.0,2.0,1.0,0.0,,,,,,,,,,0.0,0.0,0.0,0.0,10.0,10.0,16.0,4.0,0.0,0.0,0.0
2021-03-08,2.0,1.0,17.0,27.0,10.0,13.0,0.0,1.0,0.0,,,,,,,,0.0,,0.0,0.0,0.0,0.0,1.0,3.0,0.0,2.0,0.0,1.0,0.0
2021-03-09,2.0,5.0,19.0,16.0,14.0,3.0,1.0,0.0,0.0,,,,,,,,,0.0,0.0,0.0,0.0,0.0,11.0,5.0,4.0,1.0,0.0,0.0,0.0
2021-03-10,1.0,5.0,8.0,6.0,9.0,6.0,3.0,1.0,0.0,,,,,,,,,,0.0,0.0,0.0,1.0,3.0,4.0,2.0,3.0,0.0,0.0,0.0
2021-03-11,2.0,1.0,16.0,24.0,12.0,0.0,2.0,1.0,0.0,,,,,,,0.0,,,0.0,0.0,0.0,0.0,11.0,18.0,7.0,0.0,0.0,0.0,0.0
2021-03-12,3.0,6.0,31.0,21.0,15.0,2.0,1.0,2.0,0.0,,1.0,,,,,1.0,,,0.0,0.0,0.0,2.0,13.0,12.0,9.0,1.0,0.0,0.0,0.0
2021-03-13,4.0,1.0,23.0,26.0,10.0,8.0,5.0,1.0,0.0,,,,,,,,,,0.0,0.0,0.0,0.0,10.0,15.0,4.0,4.0,1.0,0.0,0.0
2021-03-14,0.0,5.0,44.0,53.0,36.0,21.0,10.0,1.0,0.0,0.0,0.0,,,,,,,,0.0,0.0,0.0,5.0,34.0,44.0,27.0,16.0,4.0,0.0,0.0
2021-03-15,3.0,1.0,23.0,23.0,13.0,7.0,7.0,1.0,0.0,,,,,,,,,,0.0,1.0,1.0,0.0,20.0,16.0,11.0,5.0,5.0,1.0,0.0
2021-03-16,1.0,4.0,44.0,52.0,25.0,15.0,5.0,2.0,1.0,,1.0,,,,,,,1.0,,0.0,0.0,3.0,41.0,45.0,17.0,10.0,3.0,1.0,1.0
2021-03-17,3.0,11.0,71.0,60.0,35.0,25.0,8.0,5.0,28.0,,,,,,,,,,,0.0,0.0,5.0,41.0,42.0,18.0,18.0,4.0,2.0,26.0
2021-03-18,3.0,5.0,19.0,18.0,20.0,14.0,10.0,3.0,0.0,,,,,,,,,,0.0,0.0,0.0,0.0,4.0,1.0,5.0,3.0,1.0,0.0,0.0
2021-03-19,3.0,4.0,38.0,27.0,15.0,7.0,4.0,2.0,0.0,,,,,,,,,,0.0,1.0,1.0,3.0,13.0,11.0,9.0,1.0,2.0,1.0,0.0
2021-03-20,4.0,11.0,23.0,23.0,31.0,20.0,7.0,2.0,0.0,,,,,,,,,,0.0,2.0,2.0,1.0,15.0,10.0,8.0,8.0,3.0,0.0,0.0
2021-03-21,8.0,4.0,35.0,16.0,17.0,8.0,2.0,0.0,0.0,,,,,,,,,0.0,0.0,0.0,0.0,0.0,20.0,9.0,6.0,2.0,0.0,0.0,0.0
2021-03-22,0.0,2.0,28.0,21.0,11.0,8.0,3.0,0.0,0.0,0.0,0.0,,,,,,1.0,0.0,0.0,0.0,0.0,2.0,14.0,15.0,7.0,4.0,2.0,0.0,0.0
2021-03-23,1.0,7.0,23.0,21.0,16.0,11.0,2.0,2.0,318.0,,,,,,,,,,,0.0,0.0,2.0,3.0,8.0,4.0,2.0,0.0,0.0,0.0
2021-03-24,1.0,8.0,16.0,16.0,11.0,10.0,4.0,3.0,0.0,,,,,,,,,,0.0,0.0,0.0,5.0,2.0,4.0,3.0,1.0,1.0,1.0,0.0
2021-03-25,3.0,5.0,29.0,20.0,22.0,10.0,6.0,2.0,0.0,,,,,,,,,,0.0,2.0,2.0,1.0,16.0,12.0,11.0,5.0,2.0,0.0,0.0
2021-03-26,3.0,7.0,36.0,32.0,31.0,15.0,5.0,5.0,0.0,,,,,,,,,,0.0,2.0,2.0,2.0,21.0,26.0,24.0,8.0,3.0,1.0,0.0
2021-03-27,0.0,7.0,18.0,20.0,14.0,14.0,3.0,4.0,0.0,0.0,0.0,,,,,,,1.0,0.0,0.0,0.0,1.0,11.0,12.0,1.0,5.0,1.0,1.0,0.0
2021-03-28,2.0,4.0,19.0,25.0,15.0,4.0,4.0,4.0,0.0,,,,,,,,,,0.0,0.0,0.0,1.0,5.0,10.0,7.0,1.0,1.0,1.0,0.0
2021-03-29,1.0,1.0,8.0,13.0,7.0,5.0,3.0,1.0,0.0,,,,,,,,,,0.0,0.0,0.0,0.0,3.0,4.0,1.0,2.0,2.0,0.0,0.0
2021-03-30,0.0,5.0,10.0,13.0,12.0,6.0,2.0,0.0,0.0,0.0,0.0,,,,,,,0.0,0.0,0.0,0.0,1.0,1.0,1.0,1.0,1.0,0.0,0.0,0.0
2021-03-31,1.0,4.0,10.0,16.0,5.0,4.0,1.0,1.0,0.0,,,,,,,,,,0.0,0.0,0.0,0.0,3.0,1.0,0.0,1.0,0.0,0.0,0.0
2021-04-01,0.0,2.0,7.0,11.0,1.0,4.0,1.0,0.0,0.0,0.0,0.0,,,,,,,0.0,0.0,0.0,0.0,0.0,1.0,6.0,0.0,1.0,0.0,0.0,0.0
2021-04-02,0.0,3.0,26.0,14.0,6.0,2.0,4.0,3.0,0.0,0.0,0.0,,,,,,,,0.0,0.0,0.0,0.0,0.0,2.0,0.0,0.0,0.0,1.0,0.0
2021-04-03,0.0,3.0,31.0,31.0,10.0,2.0,4.0,3.0,0.0,0.0,0.0,,1.0,,,,,,0.0,0.0,0.0,0.0,1.0,4.0,1.0,0.0,3.0,2.0,0.0
2021-04-04,1.0,5.0,40.0,28.0,9.0,8.0,4.0,1.0,0.0,,,,,,,,,,0.0,0.0,0.0,0.0,2.0,4.0,2.0,0.0,1.0,0.0,0.0
2021-04-05,5.0,5.0,57.0,62.0,38.0,20.0,5.0,1.0,1.0,,,,,,,,,,,0.0,0.0,3.0,27.0,29.0,23.0,11.0,0.0,1.0,1.0
2021-04-06,2.0,3.0,100.0,69.0,57.0,17.0,2.0,0.0,0.0,,,,,,,,,0.0,0.0,0.0,0.0,0.0,60.0,46.0,35.0,13.0,1.0,0.0,0.0
2021-04-07,2.0,10.0,128.0,96.0,69.0,19.0,4.0,5.0,1.0,,,,,,,,,,,0.0,0.0,6.0,62.0,39.0,34.0,9.0,2.0,0.0,1.0
2021-04-08,4.0,12.0,102.0,78.0,39.0,14.0,7.0,3.0,146.0,,,,,,,,,,,0.0,0.0,4.0,18.0,13.0,9.0,4.0,0.0,0.0,146.0
2021-04-09,2.0,15.0,219.0,155.0,70.0,27.0,8.0,6.0,57.0,,,,,,,,,,,0.0,0.0,3.0,36.0,29.0,20.0,3.0,0.0,0.0,57.0
2021-04-10,8.0,25.0,391.0,208.0,86.0,29.0,10.0,8.0,24.0,,,,,,,,,,,1.0,1.0,3.0,144.0,63.0,23.0,3.0,2.0,0.0,20.0
2021-04-11,11.0,26.0,469.0,235.0,82.0,39.0,13.0,2.0,90.0,,,,,,,,,,,5.0,5.0,9.0,195.0,96.0,31.0,10.0,0.0,0.0,88.0
2021-04-12,18.0,59.0,520.0,226.0,82.0,35.0,15.0,12.0,18.0,,,,,,,,,,,3.0,3.0,21.0,215.0,69.0,18.0,7.0,1.0,1.0,11.0
2021-04-13,12.0,43.0,514.0,239.0,83.0,37.0,12.0,6.0,19.0,,,,,,,,,,,1.0,1.0,11.0,201.0,62.0,15.0,7.0,1.0,1.0,4.0
2021-04-14,19.0,56.0,704.0,333.0,127.0,47.0,23.0,14.0,15.0,,,,,,,,,,,2.0,2.0,27.0,328.0,104.0,41.0,15.0,2.0,4.0,14.0
2021-04-15,26.0,63.0,761.0,392.0,167.0,58.0,31.0,9.0,36.0,,,,,,,,,,,2.0,2.0,10.0,215.0,79.0,29.0,9.0,3.0,2.0,29.0
2021-04-16,46.0,83.0,761.0,368.0,141.0,65.0,29.0,12.0,77.0,,3.0,,,1.0,,2.0,,,,2.0,2.0,25.0,231.0,112.0,31.0,10.0,7.0,0.0,71.0
2021-04-17,24.0,71.0,615.0,397.0,157.0,85.0,30.0,14.0,154.0,,,,,,,,,,,0.0,0.0,5.0,46.0,22.0,8.0,2.0,0.0,0.0,145.0
2021-04-18,38.0,85.0,678.0,385.0,185.0,78.0,42.0,23.0,253.0,,1.0,,,,,,1.0,,,1.0,1.0,4.0,48.0,38.0,9.0,2.0,2.0,0.0,182.0
2021-04-19,50.0,79.0,430.0,271.0,168.0,77.0,34.0,15.0,266.0,,2.0,,,,,1.0,,1.0,,2.0,2.0,8.0,49.0,27.0,12.0,7.0,0.0,1.0,202.0
2021-04-20,43.0,113.0,537.0,353.0,182.0,102.0,67.0,26.0,20.0,,4.0,,,1.0,,,,3.0,,2.0,2.0,10.0,45.0,26.0,15.0,8.0,6.0,0.0,1.0
2021-04-21,56.0,99.0,506.0,347.0,207.0,118.0,77.0,40.0,8.0,,2.0,,,1.0,,1.0,,,,1.0,1.0,3.0,36.0,38.0,22.0,3.0,3.0,0.0,2.0
2021-04-22,68.0,103.0,473.0,351.0,189.0,158.0,81.0,43.0,4.0,,7.0,,1.0,,1.0,1.0,1.0,3.0,,1.0,1.0,10.0,37.0,25.0,10.0,12.0,3.0,1.0,1.0
2021-04-23,105.0,113.0,643.0,476.0,301.0,196.0,110.0,46.0,80.0,,3.0,,1.0,,,,,2.0,,1.0,1.0,8.0,65.0,50.0,20.0,12.0,3.0,0.0,1.0
2021-04-24,111.0,142.0,946.0,715.0,372.0,276.0,136.0,63.0,78.0,,7.0,,,,1.0,,3.0,3.0,,4.0,4.0,8.0,118.0,86.0,37.0,36.0,10.0,1.0,3.0
2021-04-25,112.0,154.0,777.0,586.0,344.0,238.0,124.0,53.0,50.0,,9.0,,1.0,6.0,1.0,,1.0,,,4.0,4.0,6.0,99.0,81.0,53.0,31.0,5.0,2.0,1.0
2021-04-26,119.0,153.0,572.0,439.0,266.0,219.0,108.0,69.0,103.0,,5.0,,1.0,,1.0,2.0,1.0,,,1.0,1.0,4.0,16.0,12.0,5.0,5.0,2.0,1.0,1.0
2021-04-27,87.0,120.0,520.0,368.0,266.0,180.0,94.0,57.0,487.0,,13.0,,,1.0,2.0,3.0,4.0,3.0,,0.0,0.0,6.0,4.0,8.0,5.0,0.0,0.0,0.0,2.0
2021-04-28,108.0,156.0,496.0,431.0,273.0,211.0,147.0,64.0,126.0,,14.0,,,1.0,3.0,2.0,5.0,3.0,,5.0,5.0,8.0,25.0,16.0,8.0,13.0,6.0,0.0,27.0
2021-04-29,91.0,136.0,536.0,415.0,250.0,219.0,111.0,66.0,47.0,,10.0,,,,1.0,3.0,3.0,3.0,,1.0,1.0,1.0,8.0,11.0,7.0,4.0,1.0,1.0,0.0
2021-04-30,73.0,140.0,382.0,328.0,235.0,190.0,124.0,65.0,46.0,,14.0,,1.0,2.0,,3.0,,8.0,,9.0,9.0,22.0,46.0,48.0,31.0,21.0,7.0,4.0,23.0
2021-05-01,105.0,173.0,417.0,356.0,288.0,220.0,126.0,88.0,118.0,,19.0,,,1.0,2.0,2.0,4.0,10.0,,3.0,3.0,4.0,17.0,9.0,17.0,10.0,7.0,3.0,16.0
2021-05-02,108.0,142.0,455.0,381.0,307.0,233.0,143.0,66.0,105.0,,16.0,,,1.0,1.0,4.0,4.0,6.0,,3.0,3.0,14.0,38.0,34.0,15.0,13.0,9.0,1.0,15.0
2021-05-03,101.0,151.0,424.0,384.0,304.0,290.0,145.0,89.0,153.0,,27.0,,,2.0,5.0,9.0,7.0,4.0,,3.0,3.0,9.0,24.0,20.0,15.0,12.0,8.0,6.0,0.0
2021-05-04,98.0,124.0,387.0,313.0,251.0,211.0,107.0,77.0,195.0,,21.0,,,1.0,3.0,3.0,3.0,11.0,,3.0,3.0,4.0,24.0,16.0,20.0,13.0,4.0,4.0,144.0
2021-05-05,114.0,169.0,478.0,383.0,371.0,248.0,145.0,74.0,130.0,,9.0,,,,,3.0,1.0,5.0,,0.0,0.0,9.0,42.0,35.0,38.0,21.0,6.0,1.0,0.0
2021-05-06,111.0,126.0,404.0,391.0,317.0,236.0,142.0,82.0,102.0,,14.0,,,,4.0,2.0,2.0,6.0,,9.0,9.0,17.0,37.0,32.0,19.0,30.0,6.0,3.0,0.0
2021-05-07,94.0,150.0,419.0,395.0,296.0,219.0,109.0,82.0,280.0,,25.0,,,3.0,4.0,4.0,6.0,8.0,,11.0,11.0,17.0,53.0,44.0,36.0,29.0,13.0,5.0,9.0
2021-05-08,158.0,198.0,509.0,544.0,387.0,283.0,196.0,85.0,59.0,,15.0,,,,2.0,2.0,5.0,6.0,,24.0,24.0,50.0,145.0,112.0,84.0,55.0,28.0,8.0,13.0
2021-05-09,113.0,137.0,469.0,433.0,412.0,261.0,142.0,56.0,78.0,,16.0,,,1.0,,3.0,8.0,4.0,,20.0,20.0,25.0,104.0,107.0,79.0,43.0,24.0,6.0,4.0
2021-05-10,134.0,129.0,369.0,333.0,270.0,176.0,118.0,57.0,44.0,,18.0,,,,2.0,3.0,6.0,7.0,,23.0,23.0,32.0,88.0,53.0,45.0,30.0,8.0,3.0,19.0
2021-05-11,135.0,151.0,429.0,416.0,360.0,232.0,106.0,69.0,21.0,,27.0,,,,2.0,8.0,9.0,8.0,,28.0,28.0,40.0,170.0,147.0,109.0,63.0,16.0,7.0,3.0
2021-05-12,104.0,150.0,529.0,474.0,305.0,204.0,101.0,54.0,62.0,,32.0,,,4.0,2.0,3.0,10.0,13.0,,21.0,21.0,55.0,209.0,163.0,87.0,44.0,19.0,8.0,39.0
2021-05-13,108.0,167.0,914.0,1993.0,850.0,448.0,193.0,62.0,152.0,,24.0,,,1.0,2.0,5.0,8.0,8.0,,19.0,19.0,26.0,182.0,171.0,124.0,47.0,14.0,5.0,10.0
2021-05-14,124.0,170.0,496.0,515.0,361.0,266.0,125.0,64.0,135.0,,19.0,,,,1.0,5.0,11.0,2.0,,15.0,15.0,55.0,156.0,138.0,89.0,51.0,16.0,11.0,14.0
2021-05-15,120.0,144.0,793.0,842.0,567.0,363.0,143.0,67.0,56.0,,16.0,,,,5.0,1.0,8.0,2.0,,13.0,13.0,36.0,246.0,204.0,140.0,84.0,39.0,11.0,38.0
2021-05-16,125.0,142.0,536.0,526.0,348.0,235.0,136.0,75.0,179.0,,17.0,,,1.0,1.0,4.0,3.0,8.0,,29.0,29.0,26.0,174.0,142.0,78.0,27.0,18.0,5.0,87.0
2021-05-17,98.0,221.0,2417.0,3790.0,1619.0,627.0,315.0,85.0,463.0,,22.0,,,1.0,4.0,5.0,6.0,6.0,,13.0,13.0,29.0,303.0,343.0,168.0,43.0,15.0,4.0,33.0
2021-05-18,122.0,146.0,574.0,660.0,462.0,282.0,138.0,69.0,20.0,1.0,1.0,,1.0,3.0,1.0,5.0,4.0,13.0,,13.0,13.0,20.0,104.0,109.0,54.0,28.0,9.0,6.0,4.0
2021-05-19,92.0,146.0,792.0,989.0,691.0,408.0,153.0,66.0,57.0,,26.0,,,,3.0,5.0,7.0,11.0,,7.0,7.0,13.0,79.0,74.0,50.0,22.0,7.0,0.0,2.0
2021-05-20,115.0,154.0,641.0,703.0,467.0,283.0,147.0,77.0,49.0,,18.0,,,,2.0,6.0,4.0,6.0,,12.0,12.0,34.0,185.0,135.0,92.0,41.0,14.0,3.0,5.0
2021-05-21,113.0,187.0,862.0,988.0,559.0,341.0,199.0,75.0,157.0,,27.0,,1.0,1.0,1.0,3.0,6.0,15.0,,17.0,17.0,55.0,306.0,268.0,123.0,51.0,34.0,11.0,9.0
2021-05-22,108.0,164.0,813.0,770.0,524.0,324.0,98.0,59.0,192.0,,17.0,,,2.0,2.0,3.0,4.0,6.0,,18.0,18.0,36.0,133.0,140.0,86.0,49.0,16.0,4.0,0.0
2021-05-23,95.0,195.0,1213.0,914.0,511.0,291.0,87.0,58.0,18.0,,15.0,,,1.0,1.0,2.0,4.0,7.0,,13.0,13.0,71.0,816.0,451.0,140.0,64.0,18.0,7.0,11.0
2021-05-24,117.0,185.0,767.0,605.0,333.0,236.0,106.0,68.0,296.0,,20.0,,1.0,,4.0,1.0,7.0,7.0,,29.0,29.0,67.0,448.0,291.0,102.0,59.0,28.0,14.0,272.0
2021-05-25,93.0,216.0,853.0,897.0,628.0,241.0,75.0,50.0,173.0,,21.0,,,1.0,2.0,6.0,3.0,9.0,,15.0,15.0,93.0,304.0,340.0,223.0,54.0,5.0,3.0,146.0
2021-05-26,108.0,162.0,616.0,661.0,430.0,246.0,116.0,55.0,61.0,,37.0,,1.0,,2.0,7.0,9.0,18.0,,18.0,18.0,68.0,262.0,177.0,113.0,55.0,22.0,10.0,25.0
2021-05-27,76.0,157.0,777.0,1062.0,667.0,304.0,106.0,55.0,119.0,,38.0,,1.0,1.0,3.0,11.0,11.0,11.0,,15.0,15.0,60.0,282.0,258.0,158.0,52.0,18.0,3.0,105.0
2021-05-28,113.0,116.0,713.0,581.0,360.0,213.0,113.0,59.0,1491.0,,27.0,,,2.0,3.0,2.0,8.0,12.0,,20.0,20.0,32.0,373.0,237.0,94.0,30.0,15.0,6.0,266.0
2021-05-29,102.0,149.0,694.0,808.0,515.0,316.0,129.0,67.0,2023.0,,30.0,,,1.0,2.0,6.0,12.0,9.0,,17.0,17.0,19.0,196.0,181.0,107.0,64.0,12.0,9.0,24.0
2021-05-30,120.0,135.0,1085.0,1379.0,777.0,427.0,211.0,65.0,329.0,,21.0,,,1.0,1.0,5.0,4.0,10.0,,15.0,15.0,21.0,415.0,300.0,105.0,41.0,10.0,6.0,289.0
2021-05-31,114.0,156.0,1096.0,1015.0,589.0,294.0,121.0,49.0,2051.0,,17.0,,,,2.0,4.0,6.0,5.0,,31.0,31.0,66.0,787.0,699.0,364.0,137.0,23.0,12.0,151.0
2021-06-01,119.0,143.0,541.0,448.0,312.0,224.0,88.0,58.0,297.0,,31.0,,,2.0,6.0,4.0,2.0,17.0,,16.0,16.0,34.0,239.0,170.0,97.0,46.0,14.0,3.0,187.0
2021-06-02,118.0,138.0,848.0,892.0,580.0,315.0,96.0,52.0,401.0,1.0,1.0,,,3.0,5.0,2.0,9.0,12.0,,20.0,20.0,31.0,433.0,271.0,128.0,52.0,14.0,9.0,204.0
2021-06-03,126.0,180.0,845.0,814.0,483.0,260.0,114.0,52.0,1012.0,,30.0,,,1.0,3.0,7.0,8.0,11.0,,20.0,20.0,46.0,420.0,332.0,104.0,53.0,10.0,5.0,255.0
2021-06-04,92.0,137.0,770.0,653.0,415.0,266.0,96.0,50.0,152.0,,26.0,1.0,,2.0,1.0,4.0,5.0,13.0,,11.0,11.0,34.0,416.0,316.0,173.0,100.0,10.0,6.0,19.0
2021-06-05,118.0,144.0,651.0,729.0,432.0,267.0,126.0,70.0,280.0,,34.0,,1.0,2.0,3.0,3.0,10.0,15.0,,31.0,31.0,46.0,330.0,415.0,187.0,99.0,27.0,6.0,10.0
2021-06-06,91.0,123.0,695.0,599.0,369.0,174.0,110.0,49.0,461.0,,21.0,,,3.0,2.0,3.0,7.0,6.0,,19.0,19.0,36.0,365.0,282.0,117.0,33.0,14.0,10.0,13.0
2021-06-07,110.0,148.0,691.0,604.0,402.0,240.0,103.0,61.0,60.0,,32.0,,,1.0,2.0,7.0,4.0,18.0,,32.0,32.0,52.0,328.0,287.0,146.0,62.0,25.0,3.0,14.0
2021-06-08,122.0,172.0,585.0,759.0,450.0,270.0,161.0,82.0,61.0,,26.0,,,,2.0,6.0,9.0,9.0,,35.0,35.0,56.0,175.0,150.0,86.0,47.0,23.0,9.0,34.0
2021-06-09,122.0,162.0,605.0,592.0,497.0,273.0,120.0,62.0,247.0,,30.0,,,,2.0,3.0,7.0,15.0,3.0,32.0,32.0,62.0,250.0,256.0,199.0,85.0,37.0,6.0,3.0
2021-06-10,98.0,152.0,575.0,539.0,444.0,278.0,120.0,65.0,39.0,,39.0,,1.0,1.0,6.0,5.0,10.0,16.0,,14.0,14.0,42.0,226.0,182.0,120.0,88.0,16.0,8.0,6.0
2021-06-11,122.0,119.0,575.0,543.0,384.0,280.0,145.0,59.0,63.0,,25.0,,,,2.0,9.0,3.0,11.0,,27.0,27.0,33.0,211.0,158.0,90.0,45.0,18.0,5.0,43.0
2021-06-12,141.0,178.0,760.0,920.0,610.0,386.0,129.0,80.0,73.0,,26.0,,,2.0,,5.0,8.0,11.0,,26.0,26.0,36.0,127.0,142.0,103.0,76.0,13.0,3.0,58.0
2021-06-13,133.0,179.0,691.0,713.0,450.0,290.0,116.0,74.0,158.0,,16.0,,,,,4.0,5.0,7.0,,14.0,14.0,43.0,185.0,194.0,104.0,66.0,16.0,4.0,141.0
2021-06-14,135.0,159.0,959.0,913.0,574.0,285.0,134.0,66.0,130.0,,16.0,,,,,2.0,5.0,9.0,,11.0,11.0,22.0,270.0,233.0,125.0,54.0,12.0,6.0,100.0
2021-06-15,131.0,149.0,770.0,854.0,528.0,253.0,135.0,55.0,125.0,,16.0,,,1.0,1.0,2.0,1.0,11.0,,15.0,15.0,24.0,160.0,151.0,84.0,38.0,16.0,8.0,44.0
2021-06-16,145.0,196.0,595.0,507.0,414.0,239.0,102.0,68.0,65.0,,37.0,,,3.0,4.0,11.0,10.0,9.0,,21.0,21.0,31.0,122.0,133.0,92.0,30.0,17.0,9.0,7.0
2021-06-17,155.0,262.0,783.0,742.0,561.0,304.0,151.0,94.0,77.0,,28.0,,,1.0,4.0,6.0,7.0,10.0,,18.0,18.0,47.0,197.0,177.0,124.0,51.0,15.0,5.0,24.0
2021-06-18,167.0,237.0,654.0,684.0,576.0,316.0,157.0,104.0,163.0,,21.0,,,2.0,2.0,4.0,3.0,10.0,,29.0,29.0,49.0,129.0,103.0,114.0,47.0,17.0,15.0,33.0
2021-06-19,179.0,287.0,957.0,879.0,589.0,329.0,168.0,85.0,194.0,,29.0,,,,5.0,7.0,7.0,10.0,,23.0,23.0,86.0,334.0,303.0,175.0,88.0,27.0,8.0,59.0
2021-06-20,149.0,256.0,819.0,915.0,598.0,341.0,150.0,92.0,362.0,,18.0,,1.0,2.0,,1.0,7.0,7.0,,24.0,24.0,93.0,270.0,243.0,180.0,114.0,26.0,12.0,237.0
2021-06-21,179.0,212.0,741.0,749.0,562.0,351.0,159.0,78.0,144.0,,28.0,,,3.0,2.0,1.0,7.0,15.0,,27.0,27.0,48.0,245.0,251.0,178.0,96.0,17.0,9.0,30.0
2021-06-22,148.0,261.0,1022.0,811.0,612.0,372.0,201.0,111.0,521.0,,33.0,,1.0,1.0,4.0,7.0,8.0,12.0,,25.0,25.0,70.0,516.0,387.0,242.0,133.0,43.0,14.0,276.0
2021-06-23,170.0,249.0,785.0,657.0,503.0,342.0,200.0,107.0,161.0,,49.0,,1.0,4.0,3.0,6.0,12.0,23.0,,21.0,21.0,48.0,274.0,156.0,107.0,66.0,27.0,11.0,10.0
2021-06-24,255.0,325.0,871.0,867.0,681.0,423.0,220.0,119.0,347.0,,30.0,,,2.0,3.0,7.0,6.0,12.0,,58.0,58.0,85.0,288.0,248.0,188.0,99.0,44.0,10.0,7.0
2021-06-25,191.0,342.0,743.0,713.0,543.0,320.0,153.0,104.0,535.0,,42.0,,2.0,6.0,3.0,7.0,10.0,14.0,,22.0,22.0,89.0,204.0,166.0,87.0,43.0,17.0,6.0,14.0
2021-06-26,254.0,380.0,896.0,895.0,700.0,488.0,245.0,122.0,180.0,,50.0,1.0,,2.0,7.0,5.0,16.0,19.0,,54.0,54.0,96.0,246.0,231.0,194.0,123.0,51.0,18.0,20.0
2021-06-27,226.0,332.0,1018.0,898.0,698.0,450.0,191.0,99.0,84.0,,40.0,,,2.0,5.0,9.0,5.0,19.0,,37.0,37.0,114.0,396.0,352.0,253.0,136.0,40.0,14.0,9.0
2021-06-28,322.0,431.0,1434.0,1159.0,923.0,520.0,259.0,158.0,200.0,,20.0,,,6.0,,3.0,3.0,8.0,,52.0,52.0,111.0,454.0,405.0,298.0,134.0,53.0,30.0,85.0
2021-06-29,288.0,390.0,1098.0,1028.0,767.0,553.0,240.0,171.0,127.0,,36.0,,,,3.0,9.0,8.0,16.0,,43.0,43.0,85.0,240.0,209.0,169.0,102.0,36.0,24.0,33.0
2021-06-30,265.0,371.0,1024.0,1064.0,832.0,543.0,293.0,149.0,245.0,,50.0,,1.0,,5.0,8.0,10.0,26.0,,42.0,42.0,61.0,347.0,340.0,215.0,118.0,48.0,16.0,160.0
2021-07-01,315.0,481.0,1390.0,1249.0,897.0,586.0,323.0,192.0,100.0,,54.0,,,2.0,7.0,11.0,15.0,19.0,,66.0,66.0,175.0,476.0,404.0,268.0,170.0,78.0,33.0,19.0
2021-07-02,340.0,487.0,1264.0,1281.0,1134.0,689.0,332.0,185.0,375.0,,60.0,,,6.0,3.0,9.0,17.0,25.0,,68.0,68.0,173.0,444.0,420.0,386.0,195.0,83.0,35.0,160.0
2021-07-03,353.0,523.0,1348.0,1310.0,1107.0,689.0,373.0,189.0,338.0,,39.0,,,1.0,3.0,8.0,11.0,16.0,,68.0,68.0,154.0,381.0,349.0,242.0,137.0,55.0,20.0,114.0
2021-07-04,390.0,496.0,1243.0,1139.0,949.0,676.0,327.0,169.0,527.0,,44.0,,,3.0,3.0,9.0,9.0,20.0,,92.0,92.0,98.0,424.0,336.0,281.0,184.0,71.0,16.0,297.0
2021-07-05,348.0,457.0,1302.0,1211.0,999.0,683.0,332.0,162.0,672.0,,49.0,,1.0,,4.0,7.0,14.0,23.0,,87.0,87.0,139.0,429.0,397.0,356.0,211.0,96.0,33.0,358.0
2021-07-06,370.0,482.0,1075.0,1089.0,972.0,666.0,318.0,170.0,278.0,,57.0,,1.0,2.0,5.0,14.0,14.0,21.0,,73.0,73.0,132.0,279.0,250.0,249.0,143.0,61.0,31.0,87.0
2021-07-07,343.0,603.0,1404.0,1391.0,1138.0,747.0,352.0,208.0,333.0,,53.0,,1.0,1.0,3.0,12.0,12.0,24.0,,46.0,46.0,96.0,376.0,380.0,262.0,168.0,50.0,31.0,79.0
2021-07-08,383.0,540.0,1397.0,1460.0,1222.0,839.0,366.0,206.0,645.0,,72.0,,,4.0,7.0,20.0,17.0,24.0,,89.0,89.0,103.0,318.0,338.0,292.0,201.0,60.0,21.0,309.0
2021-07-09,482.0,761.0,1847.0,1951.0,1538.0,1007.0,473.0,307.0,910.0,,69.0,,2.0,3.0,4.0,15.0,16.0,29.0,,75.0,75.0,170.0,540.0,592.0,396.0,220.0,85.0,36.0,537.0
2021-07-10,520.0,814.0,2013.0,1929.0,1525.0,1184.0,563.0,290.0,488.0,,90.0,,1.0,4.0,3.0,19.0,23.0,40.0,,91.0,91.0,187.0,625.0,591.0,490.0,276.0,90.0,42.0,156.0
2021-07-11,551.0,767.0,1901.0,1992.0,1555.0,1112.0,473.0,275.0,913.0,,85.0,,,3.0,6.0,19.0,21.0,36.0,,64.0,64.0,154.0,504.0,550.0,395.0,240.0,77.0,40.0,281.0
2021-07-12,495.0,685.0,1690.0,1737.0,1438.0,1021.0,438.0,258.0,894.0,,79.0,,,8.0,9.0,15.0,11.0,36.0,,95.0,95.0,166.0,497.0,471.0,398.0,247.0,104.0,40.0,497.0
2021-07-13,488.0,704.0,1739.0,1610.0,1391.0,909.0,453.0,236.0,1155.0,,52.0,,,2.0,5.0,15.0,13.0,17.0,,98.0,98.0,169.0,565.0,453.0,396.0,248.0,79.0,37.0,456.0
2021-07-14,563.0,759.0,1866.0,1940.0,1611.0,1026.0,488.0,312.0,752.0,,86.0,,5.0,4.0,7.0,10.0,14.0,46.0,,94.0,94.0,213.0,483.0,454.0,329.0,195.0,95.0,35.0,123.0
2021-07-15,528.0,689.0,1880.0,1785.0,1395.0,902.0,431.0,294.0,1282.0,,95.0,,2.0,5.0,13.0,17.0,15.0,43.0,,81.0,81.0,131.0,495.0,403.0,248.0,141.0,63.0,29.0,13.0
2021-07-16,557.0,796.0,1910.0,1843.0,1600.0,1026.0,457.0,242.0,1261.0,,65.0,,1.0,3.0,4.0,14.0,16.0,27.0,,113.0,113.0,232.0,495.0,514.0,472.0,279.0,102.0,32.0,91.0
2021-07-17,599.0,841.0,2472.0,2095.0,1680.0,1086.0,497.0,283.0,529.0,,136.0,,2.0,9.0,17.0,31.0,25.0,52.0,,130.0,130.0,179.0,877.0,567.0,381.0,205.0,75.0,33.0,23.0
2021-07-18,610.0,975.0,2318.0,2151.0,1790.0,1296.0,526.0,274.0,1457.0,,100.0,,,5.0,12.0,17.0,19.0,47.0,,141.0,141.0,273.0,574.0,517.0,405.0,290.0,101.0,39.0,60.0
2021-07-19,710.0,1009.0,2554.0,2274.0,1823.0,1341.0,553.0,315.0,1205.0,,78.0,,1.0,2.0,8.0,18.0,23.0,26.0,,132.0,132.0,232.0,608.0,579.0,473.0,311.0,96.0,40.0,206.0
2021-07-20,738.0,964.0,2304.0,2179.0,1863.0,1282.0,616.0,362.0,997.0,,77.0,1.0,1.0,1.0,5.0,13.0,21.0,35.0,,88.0,88.0,181.0,392.0,337.0,321.0,215.0,100.0,48.0,415.0
2021-07-21,715.0,1013.0,2911.0,2717.0,2248.0,1468.0,724.0,373.0,833.0,,105.0,,2.0,4.0,7.0,22.0,31.0,39.0,,136.0,136.0,249.0,859.0,572.0,446.0,307.0,143.0,53.0,145.0
2021-07-22,817.0,1181.0,3120.0,2868.0,2302.0,1567.0,678.0,369.0,753.0,,85.0,,1.0,5.0,11.0,13.0,17.0,38.0,,222.0,222.0,375.0,960.0,865.0,661.0,481.0,169.0,76.0,36.0
2021-07-23,856.0,1281.0,3115.0,3086.0,2549.0,1705.0,746.0,421.0,816.0,,112.0,1.0,2.0,3.0,16.0,18.0,29.0,43.0,,215.0,215.0,416.0,753.0,710.0,638.0,459.0,195.0,95.0,120.0
2021-07-24,823.0,1166.0,3001.0,2916.0,2431.0,1572.0,718.0,451.0,1182.0,,117.0,,,10.0,13.0,14.0,37.0,43.0,,229.0,229.0,381.0,844.0,783.0,669.0,413.0,163.0,94.0,306.0
2021-07-25,863.0,1131.0,3275.0,3054.0,2440.0,1698.0,731.0,413.0,1730.0,,124.0,,2.0,5.0,9.0,25.0,36.0,47.0,,181.0,181.0,247.0,732.0,638.0,512.0,299.0,120.0,55.0,132.0
2021-07-26,853.0,1231.0,2943.0,2681.0,2404.0,1698.0,732.0,403.0,2431.0,,85.0,,1.0,7.0,9.0,15.0,20.0,32.0,1.0,139.0,139.0,298.0,711.0,617.0,556.0,374.0,141.0,62.0,359.0
2021-07-27,878.0,1165.0,2958.0,2890.0,2420.0,1593.0,739.0,378.0,1129.0,,117.0,,2.0,13.0,7.0,21.0,30.0,44.0,,245.0,245.0,326.0,776.0,705.0,578.0,423.0,180.0,82.0,144.0
2021-07-28,1050.0,1427.0,3615.0,3353.0,2775.0,1780.0,758.0,433.0,1342.0,,129.0,,8.0,7.0,8.0,30.0,25.0,51.0,,209.0,209.0,271.0,674.0,616.0,482.0,312.0,97.0,41.0,172.0
2021-07-29,1048.0,1457.0,3683.0,3406.0,2836.0,2084.0,968.0,656.0,1531.0,,165.0,,2.0,13.0,17.0,40.0,31.0,62.0,,160.0,161.0,259.0,579.0,487.0,425.0,311.0,106.0,51.0,230.0
2021-07-30,1003.0,1421.0,3650.0,3537.0,3050.0,1887.0,879.0,523.0,1395.0,,113.0,,,4.0,13.0,18.0,32.0,46.0,,268.0,268.0,442.0,826.0,683.0,678.0,435.0,212.0,96.0,193.0
2021-07-31,1073.0,1519.0,3831.0,3996.0,3104.0,1938.0,810.0,464.0,2177.0,,174.0,1.0,4.0,9.0,20.0,25.0,41.0,74.0,,276.0,276.0,480.0,996.0,1078.0,755.0,499.0,228.0,88.0,350.0
2021-08-01,1139.0,1462.0,3720.0,3546.0,3020.0,1912.0,941.0,604.0,1683.0,,129.0,,2.0,4.0,11.0,22.0,42.0,48.0,,167.0,167.0,257.0,595.0,495.0,453.0,278.0,155.0,70.0,44.0
2021-08-02,1215.0,1579.0,3565.0,3551.0,2988.0,1980.0,986.0,548.0,1558.0,,172.0,1.0,3.0,8.0,15.0,28.0,52.0,65.0,,320.0,320.0,518.0,855.0,789.0,626.0,522.0,247.0,91.0,249.0
2021-08-03,1156.0,1446.0,3739.0,3649.0,3085.0,2104.0,1017.0,607.0,2098.0,,142.0,,,4.0,21.0,34.0,33.0,49.0,1.0,236.0,236.0,309.0,645.0,607.0,504.0,340.0,213.0,89.0,32.0
2021-08-04,1252.0,1672.0,4119.0,3879.0,3254.0,2276.0,1106.0,677.0,1965.0,,181.0,,2.0,5.0,15.0,33.0,47.0,79.0,,268.0,268.0,457.0,787.0,703.0,610.0,460.0,202.0,102.0,119.0
2021-08-05,1213.0,1771.0,4184.0,3951.0,3390.0,2363.0,1176.0,686.0,2186.0,,152.0,1.0,2.0,11.0,15.0,19.0,51.0,53.0,,213.0,213.0,384.0,697.0,637.0,538.0,339.0,170.0,109.0,249.0
2021-08-06,1238.0,1762.0,4136.0,3990.0,3557.0,2456.0,1249.0,721.0,2270.0,,190.0,,2.0,6.0,15.0,45.0,39.0,83.0,,298.0,298.0,430.0,850.0,754.0,640.0,489.0,249.0,107.0,256.0
2021-08-07,1358.0,1910.0,4515.0,4536.0,3715.0,2512.0,1101.0,726.0,1465.0,,204.0,,,10.0,26.0,34.0,38.0,96.0,,311.0,311.0,507.0,794.0,676.0,575.0,465.0,223.0,108.0,92.0
2021-08-08,1153.0,1604.0,3918.0,3795.0,3052.0,2096.0,906.0,554.0,2905.0,,136.0,,1.0,5.0,8.0,21.0,31.0,70.0,,223.0,223.0,322.0,577.0,485.0,440.0,315.0,132.0,78.0,275.0
2021-08-09,1179.0,1605.0,4262.0,3825.0,3262.0,2238.0,1052.0,657.0,1523.0,1.0,1.0,,3.0,6.0,17.0,24.0,35.0,57.0,,167.0,167.0,341.0,864.0,582.0,513.0,378.0,201.0,99.0,14.0
2021-08-10,1208.0,1820.0,3924.0,3610.0,3358.0,2413.0,1084.0,626.0,1800.0,,225.0,,1.0,10.0,25.0,47.0,55.0,87.0,,246.0,246.0,468.0,1016.0,818.0,828.0,596.0,268.0,132.0,220.0
2021-08-11,1291.0,1783.0,4217.0,3935.0,3570.0,2553.0,1208.0,696.0,1785.0,,197.0,,2.0,10.0,26.0,45.0,41.0,72.0,1.0,260.0,260.0,469.0,913.0,737.0,755.0,573.0,277.0,124.0,274.0
2021-08-12,1384.0,1950.0,4662.0,4587.0,3894.0,2702.0,1354.0,860.0,1389.0,,143.0,,4.0,5.0,15.0,20.0,32.0,67.0,,231.0,231.0,311.0,547.0,493.0,371.0,270.0,140.0,59.0,4.0
2021-08-13,1416.0,2041.0,4850.0,4788.0,4018.0,2771.0,1209.0,706.0,1619.0,,179.0,1.0,1.0,8.0,19.0,30.0,42.0,78.0,,316.0,316.0,592.0,1078.0,978.0,1002.0,737.0,323.0,136.0,217.0
2021-08-14,1485.0,2050.0,4624.0,4403.0,3810.0,2560.0,1364.0,828.0,962.0,,215.0,,3.0,12.0,21.0,51.0,43.0,85.0,,340.0,340.0,523.0,981.0,817.0,732.0,524.0,303.0,155.0,32.0
2021-08-15,1407.0,1812.0,4176.0,4131.0,3567.0,2538.0,1270.0,846.0,2135.0,,209.0,1.0,1.0,13.0,21.0,36.0,43.0,94.0,,258.0,258.0,347.0,627.0,618.0,516.0,364.0,183.0,108.0,111.0
2021-08-16,1361.0,1868.0,4493.0,4313.0,3561.0,2418.0,1158.0,769.0,1216.0,,1.0,1.0,1.0,8.0,22.0,41.0,45.0,60.0,,,241.0,438.0,867.0,648.0,612.0,477.0,217.0,128.0,2.0
2021-08-17,1282.0,1739.0,3916.0,3600.0,3154.0,2313.0,1214.0,764.0,2146.0,,235.0,,6.0,8.0,23.0,42.0,53.0,102.0,1.0,,286.0,380.0,697.0,600.0,602.0,457.0,233.0,102.0,140.0
2021-08-18,1368.0,1895.0,4016.0,4144.0,3487.0,2418.0,1214.0,687.0,1286.0,,306.0,,1.0,23.0,31.0,60.0,75.0,116.0,,,234.0,381.0,767.0,724.0,711.0,514.0,256.0,95.0,48.0
2021-08-19,1405.0,2015.0,4169.0,3965.0,3249.0,2516.0,1239.0,777.0,1567.0,,1.0,,4.0,18.0,20.0,72.0,65.0,118.0,,,241.0,493.0,771.0,689.0,621.0,463.0,216.0,96.0,255.0
2021-08-20,1337.0,1938.0,4036.0,3924.0,3338.0,2363.0,1131.0,713.0,1071.0,,2.0,1.0,4.0,12.0,22.0,36.0,58.0,103.0,,,209.0,425.0,742.0,638.0,635.0,427.0,196.0,102.0,17.0
2021-08-21,1261.0,1835.0,4161.0,3898.0,3386.0,2436.0,1247.0,828.0,1519.0,,253.0,1.0,4.0,8.0,18.0,54.0,53.0,115.0,,,184.0,317.0,637.0,518.0,488.0,340.0,149.0,84.0,31.0
2021-08-22,1410.0,1868.0,3763.0,3402.0,2983.0,2214.0,1152.0,808.0,1414.0,,1.0,,1.0,10.0,29.0,36.0,56.0,96.0,,,176.0,320.0,546.0,402.0,413.0,298.0,144.0,71.0,16.0
2021-08-23,1097.0,1515.0,3177.0,3233.0,2658.0,1943.0,973.0,646.0,2249.0,,233.0,,3.0,6.0,22.0,42.0,45.0,115.0,,,177.0,251.0,442.0,436.0,344.0,245.0,104.0,68.0,5.0
2021-08-24,1139.0,1506.0,3312.0,3220.0,2796.0,1977.0,1059.0,638.0,1518.0,,217.0,,4.0,11.0,25.0,35.0,46.0,96.0,,,126.0,185.0,296.0,280.0,277.0,196.0,111.0,57.0,215.0
2021-08-25,1175.0,1546.0,3466.0,3478.0,2966.0,2120.0,1089.0,788.0,1789.0,,290.0,1.0,2.0,15.0,28.0,44.0,69.0,131.0,,,175.0,278.0,483.0,453.0,391.0,272.0,156.0,86.0,14.0
2021-08-26,1268.0,1698.0,3578.0,3421.0,3025.0,2130.0,1064.0,735.0,1582.0,,222.0,1.0,4.0,8.0,10.0,54.0,62.0,83.0,,,206.0,267.0,489.0,487.0,442.0,289.0,142.0,80.0,4.0
2021-08-27,1278.0,1744.0,3534.0,3235.0,2857.0,2171.0,1100.0,761.0,2022.0,,267.0,1.0,3.0,12.0,23.0,52.0,59.0,115.0,2.0,,117.0,223.0,334.0,320.0,301.0,213.0,109.0,45.0,12.0
2021-08-28,1317.0,1785.0,3531.0,3280.0,2843.0,2016.0,1095.0,754.0,1363.0,,290.0,,3.0,11.0,21.0,48.0,56.0,150.0,1.0,,187.0,222.0,550.0,402.0,338.0,220.0,105.0,56.0,14.0
2021-08-29,1149.0,1524.0,3336.0,2912.0,2400.0,1743.0,1046.0,698.0,1728.0,,256.0,,4.0,11.0,20.0,46.0,49.0,124.0,2.0,,170.0,233.0,718.0,476.0,281.0,252.0,119.0,53.0,4.0
2021-08-30,1118.0,1459.0,3141.0,2875.0,2435.0,1663.0,941.0,656.0,1684.0,,254.0,1.0,4.0,7.0,24.0,41.0,54.0,123.0,,,97.0,117.0,441.0,344.0,209.0,112.0,77.0,30.0,117.0
2021-08-31,911.0,1262.0,2955.0,2739.0,2381.0,1692.0,917.0,634.0,1175.0,,185.0,,,11.0,16.0,41.0,41.0,75.0,1.0,,117.0,207.0,525.0,457.0,344.0,213.0,109.0,37.0,3.0
2021-09-01,1113.0,1403.0,3059.0,2891.0,2310.0,1688.0,930.0,640.0,768.0,,242.0,,7.0,11.0,17.0,49.0,55.0,103.0,,,132.0,146.0,463.0,348.0,282.0,168.0,88.0,47.0,14.0
2021-09-02,1192.0,1513.0,3045.0,2958.0,2359.0,1715.0,926.0,655.0,593.0,,260.0,,2.0,9.0,29.0,38.0,61.0,121.0,,,164.0,230.0,560.0,473.0,348.0,237.0,127.0,74.0,9.0
2021-09-03,1139.0,1492.0,2947.0,2708.0,2341.0,1676.0,926.0,661.0,763.0,,267.0,,2.0,17.0,26.0,58.0,49.0,115.0,,,84.0,93.0,332.0,316.0,197.0,107.0,62.0,41.0,3.0
2021-09-04,1185.0,1620.0,3387.0,3128.0,2510.0,1808.0,1022.0,646.0,636.0,,252.0,,2.0,8.0,23.0,40.0,64.0,114.0,1.0,,175.0,262.0,532.0,420.0,301.0,229.0,113.0,70.0,8.0
2021-09-05,1125.0,1654.0,2991.0,2683.0,2402.0,1802.0,997.0,675.0,1123.0,,221.0,,2.0,7.0,22.0,22.0,55.0,113.0,,,145.0,294.0,324.0,266.0,216.0,195.0,86.0,35.0,127.0
2021-09-06,1080.0,1537.0,2814.0,2555.0,2145.0,1520.0,811.0,555.0,971.0,,184.0,1.0,4.0,6.0,15.0,28.0,38.0,91.0,1.0,,135.0,219.0,511.0,368.0,331.0,217.0,124.0,60.0,1.0
2021-09-07,1011.0,1329.0,2738.0,2610.0,2115.0,1702.0,832.0,597.0,887.0,,239.0,,4.0,11.0,31.0,24.0,59.0,110.0,,,91.0,145.0,301.0,267.0,214.0,164.0,78.0,36.0,7.0
2021-09-08,1115.0,1308.0,3002.0,2757.0,2183.0,1600.0,846.0,566.0,799.0,,3.0,1.0,3.0,8.0,15.0,35.0,48.0,112.0,,,142.0,181.0,420.0,404.0,260.0,181.0,79.0,40.0,7.0
2021-09-09,1120.0,1508.0,4044.0,2958.0,2433.0,1657.0,973.0,609.0,729.0,,218.0,1.0,4.0,5.0,19.0,33.0,53.0,103.0,,,174.0,269.0,1116.0,511.0,381.0,248.0,127.0,72.0,57.0
2021-09-10,1190.0,1425.0,2956.0,2721.0,2311.0,1643.0,854.0,610.0,693.0,,178.0,,2.0,8.0,13.0,37.0,38.0,79.0,1.0,,113.0,121.0,302.0,269.0,206.0,129.0,83.0,49.0,3.0
2021-09-11,1180.0,1489.0,3197.0,2965.0,2296.0,1653.0,915.0,655.0,841.0,,247.0,1.0,3.0,9.0,11.0,36.0,64.0,120.0,3.0,,121.0,173.0,469.0,449.0,266.0,177.0,99.0,49.0,9.0
2021-09-12,1125.0,1580.0,2883.0,2596.0,2147.0,1504.0,808.0,583.0,803.0,,1.0,1.0,,6.0,12.0,27.0,37.0,93.0,,,140.0,185.0,366.0,305.0,251.0,151.0,86.0,33.0,8.0
2021-09-13,1059.0,1344.0,2566.0,2299.0,1861.0,1364.0,824.0,600.0,666.0,,129.0,,2.0,3.0,8.0,19.0,32.0,65.0,,,104.0,142.0,243.0,231.0,197.0,134.0,71.0,48.0,8.0
2021-09-14,959.0,1204.0,2548.0,2210.0,1893.0,1305.0,684.0,501.0,482.0,,131.0,1.0,,4.0,7.0,28.0,31.0,60.0,,,113.0,175.0,249.0,205.0,190.0,124.0,71.0,34.0,4.0
2021-09-15,1143.0,1390.0,2841.0,2662.0,2193.0,1560.0,871.0,563.0,575.0,,142.0,,3.0,8.0,12.0,14.0,30.0,75.0,,,116.0,159.0,231.0,226.0,224.0,137.0,73.0,37.0,5.0
2021-09-16,1161.0,1371.0,2742.0,2569.0,2174.0,1490.0,840.0,525.0,1025.0,,1.0,,3.0,8.0,19.0,24.0,43.0,88.0,,,168.0,195.0,399.0,336.0,277.0,165.0,105.0,43.0,9.0
2021-09-17,1141.0,1564.0,3117.0,2859.0,2262.0,1726.0,834.0,554.0,498.0,,,,3.0,4.0,10.0,28.0,33.0,93.0,,,96.0,139.0,240.0,238.0,173.0,139.0,69.0,33.0,29.0
2021-09-18,1171.0,1405.0,3044.0,2641.0,2154.0,1480.0,805.0,528.0,881.0,,,,,4.0,11.0,24.0,27.0,55.0,,,121.0,171.0,311.0,241.0,224.0,147.0,82.0,49.0,11.0
2021-09-19,1201.0,1565.0,2795.0,2450.0,1959.0,1527.0,803.0,546.0,730.0,,,,,5.0,15.0,20.0,21.0,55.0,,,126.0,145.0,278.0,179.0,139.0,135.0,69.0,36.0,13.0
2021-09-20,1109.0,1370.0,2655.0,2516.0,1873.0,1369.0,718.0,480.0,619.0,,,,1.0,2.0,8.0,20.0,16.0,55.0,,,81.0,118.0,183.0,163.0,136.0,100.0,51.0,34.0,12.0
2021-09-21,909.0,1176.0,2176.0,2071.0,1689.0,1264.0,664.0,511.0,459.0,,1.0,1.0,,2.0,18.0,19.0,27.0,68.0,,,64.0,102.0,118.0,118.0,102.0,73.0,40.0,21.0,6.0
2021-09-22,1029.0,1196.0,2030.0,2008.0,1595.0,1346.0,740.0,519.0,789.0,,,,3.0,3.0,4.0,21.0,34.0,73.0,,,160.0,176.0,288.0,252.0,181.0,172.0,117.0,42.0,3.0
2021-09-23,1150.0,1372.0,2716.0,2539.0,1940.0,1405.0,688.0,530.0,916.0,,1.0,,3.0,7.0,12.0,14.0,27.0,63.0,,,203.0,260.0,484.0,419.0,310.0,218.0,112.0,79.0,58.0
2021-09-24,1168.0,1393.0,2520.0,2282.0,1983.0,1378.0,686.0,523.0,764.0,,,,,5.0,13.0,28.0,25.0,60.0,,,126.0,137.0,266.0,195.0,173.0,129.0,61.0,35.0,81.0
2021-09-25,1134.0,1399.0,2363.0,2118.0,1702.0,1281.0,663.0,509.0,806.0,,,1.0,1.0,3.0,7.0,18.0,25.0,68.0,,,107.0,142.0,328.0,222.0,188.0,132.0,43.0,34.0,17.0
2021-09-26,1061.0,1500.0,2490.0,2281.0,1786.0,1288.0,659.0,483.0,805.0,,,,2.0,6.0,15.0,22.0,27.0,49.0,,,106.0,109.0,231.0,216.0,140.0,108.0,56.0,30.0,4.0
2021-09-27,962.0,1243.0,1979.0,1874.0,1523.0,1124.0,551.0,414.0,618.0,,,,1.0,5.0,9.0,12.0,18.0,53.0,,,76.0,117.0,219.0,208.0,156.0,99.0,49.0,30.0,15.0
2021-09-28,898.0,1027.0,1754.0,1625.0,1293.0,991.0,515.0,366.0,1020.0,,,,2.0,3.0,8.0,18.0,24.0,65.0,,,55.0,54.0,68.0,51.0,60.0,46.0,27.0,17.0,9.0
2021-09-29,1018.0,1140.0,1973.0,1832.0,1444.0,1100.0,566.0,398.0,943.0,,,,1.0,5.0,7.0,24.0,21.0,53.0,,,122.0,187.0,233.0,225.0,175.0,141.0,55.0,34.0,10.0
2021-09-30,1098.0,1442.0,2348.0,2098.0,1717.0,1201.0,709.0,474.0,559.0,,1.0,,3.0,3.0,9.0,15.0,22.0,53.0,,,88.0,147.0,322.0,267.0,195.0,131.0,63.0,31.0,5.0
2021-10-01,1161.0,1380.0,2409.0,2150.0,1761.0,1188.0,626.0,458.0,621.0,,,,2.0,3.0,13.0,19.0,25.0,59.0,,,149.0,177.0,241.0,230.0,201.0,122.0,73.0,44.0,7.0
2021-10-02,1069.0,1353.0,2188.0,1918.0,1572.0,1165.0,639.0,430.0,1041.0,,,,,1.0,6.0,21.0,18.0,39.0,,,104.0,128.0,188.0,158.0,139.0,103.0,63.0,33.0,13.0
